-- phpMyAdmin SQL Dump
-- version 4.9.0.1
-- https://www.phpmyadmin.net/
--
-- Host: 127.0.0.1
-- Generation Time: Nov 16, 2019 at 06:50 AM
-- Server version: 10.4.6-MariaDB
-- PHP Version: 7.3.9

SET SQL_MODE = "NO_AUTO_VALUE_ON_ZERO";
SET AUTOCOMMIT = 0;
START TRANSACTION;
SET time_zone = "+00:00";


/*!40101 SET @OLD_CHARACTER_SET_CLIENT=@@CHARACTER_SET_CLIENT */;
/*!40101 SET @OLD_CHARACTER_SET_RESULTS=@@CHARACTER_SET_RESULTS */;
/*!40101 SET @OLD_COLLATION_CONNECTION=@@COLLATION_CONNECTION */;
/*!40101 SET NAMES utf8mb4 */;

--
-- Database: `insurence_company`
--

-- --------------------------------------------------------

--
-- Table structure for table `ci_sessions`
--

CREATE TABLE `ci_sessions` (
  `id` varchar(40) COLLATE utf8_unicode_ci NOT NULL,
  `ip_address` varchar(45) COLLATE utf8_unicode_ci NOT NULL,
  `timestamp` int(10) UNSIGNED NOT NULL DEFAULT 0,
  `data` blob NOT NULL
) ENGINE=MyISAM DEFAULT CHARSET=utf8 COLLATE=utf8_unicode_ci;

--
-- Dumping data for table `ci_sessions`
--

INSERT INTO `ci_sessions` (`id`, `ip_address`, `timestamp`, `data`) VALUES
('sf053u5vnc3i6jl9cr2ujcv5eeib9shn', '::1', 1570441703, 0x5f5f63695f6c6173745f726567656e65726174657c693a313537303434313730333b757365725f6e616d657c733a353a2273756a6f6e223b757365725f747970657c733a353a2261646d696e223b757365725f706963747572657c733a37343a2275706c6f6164732f757365722f30372d30392d323031392d32363136373032315f3338393034323031343834313433355f333138323036323238313036343834353135395f6e2e6a7067223b64697374726963745f6e616d657c733a31313a224b6973686f726567616e6a223b757365725f7374617475737c733a363a22616374697665223b757365725f69647c733a313a2231223b726567697374657265645f646174657c733a31313a2233302c5365702c32303139223b),
('4oo2golg1kmcdojn10ket8t8li5rb06f', '::1', 1570441340, 0x5f5f63695f6c6173745f726567656e65726174657c693a313537303434313334303b757365725f6e616d657c733a353a2273756a6f6e223b757365725f747970657c733a353a2261646d696e223b757365725f706963747572657c733a37343a2275706c6f6164732f757365722f30372d30392d323031392d32363136373032315f3338393034323031343834313433355f333138323036323238313036343834353135395f6e2e6a7067223b64697374726963745f6e616d657c733a31313a224b6973686f726567616e6a223b757365725f7374617475737c733a363a22616374697665223b757365725f69647c733a313a2231223b726567697374657265645f646174657c733a31313a2233302c5365702c32303139223b6d6573736167657c733a34353a22437573746f6d657220496e666f726d6174696f6e2075706461746564207375636365737366756c6c7920212121223b5f5f63695f766172737c613a313a7b733a373a226d657373616765223b733a333a226e6577223b7d),
('r3o01nf8lq3i5odr2uf4o3jd1t6a0bml', '::1', 1570440141, 0x5f5f63695f6c6173745f726567656e65726174657c693a313537303434303134313b757365725f6e616d657c733a353a2273756a6f6e223b757365725f747970657c733a353a2261646d696e223b757365725f706963747572657c733a37343a2275706c6f6164732f757365722f30372d30392d323031392d32363136373032315f3338393034323031343834313433355f333138323036323238313036343834353135395f6e2e6a7067223b64697374726963745f6e616d657c733a31313a224b6973686f726567616e6a223b757365725f7374617475737c733a363a22616374697665223b757365725f69647c733a313a2231223b726567697374657265645f646174657c733a31313a2233302c5365702c32303139223b),
('0t6glrtr2ti97kejmpnil09b5pkekkjl', '::1', 1570440596, 0x5f5f63695f6c6173745f726567656e65726174657c693a313537303434303539363b757365725f6e616d657c733a353a2273756a6f6e223b757365725f747970657c733a353a2261646d696e223b757365725f706963747572657c733a37343a2275706c6f6164732f757365722f30372d30392d323031392d32363136373032315f3338393034323031343834313433355f333138323036323238313036343834353135395f6e2e6a7067223b64697374726963745f6e616d657c733a31313a224b6973686f726567616e6a223b757365725f7374617475737c733a363a22616374697665223b757365725f69647c733a313a2231223b726567697374657265645f646174657c733a31313a2233302c5365702c32303139223b),
('6vntjaoatgbussi9aetl1kk7vc5d629j', '::1', 1570440944, 0x5f5f63695f6c6173745f726567656e65726174657c693a313537303434303934343b757365725f6e616d657c733a353a2273756a6f6e223b757365725f747970657c733a353a2261646d696e223b757365725f706963747572657c733a37343a2275706c6f6164732f757365722f30372d30392d323031392d32363136373032315f3338393034323031343834313433355f333138323036323238313036343834353135395f6e2e6a7067223b64697374726963745f6e616d657c733a31313a224b6973686f726567616e6a223b757365725f7374617475737c733a363a22616374697665223b757365725f69647c733a313a2231223b726567697374657265645f646174657c733a31313a2233302c5365702c32303139223b6d6573736167657c733a34363a22437573746f6d657220496e666f726d6174696f6e20496e736572746564207375636365737366756c6c7920212121223b5f5f63695f766172737c613a313a7b733a373a226d657373616765223b733a333a226f6c64223b7d),
('aul3spqsqfpa9q8s7tmaf2qbm21ro6rk', '::1', 1570439368, 0x5f5f63695f6c6173745f726567656e65726174657c693a313537303433393336383b757365725f6e616d657c733a353a2273756a6f6e223b757365725f747970657c733a353a2261646d696e223b757365725f706963747572657c733a37343a2275706c6f6164732f757365722f30372d30392d323031392d32363136373032315f3338393034323031343834313433355f333138323036323238313036343834353135395f6e2e6a7067223b64697374726963745f6e616d657c733a31313a224b6973686f726567616e6a223b757365725f7374617475737c733a363a22616374697665223b757365725f69647c733a313a2231223b726567697374657265645f646174657c733a31313a2233302c5365702c32303139223b),
('aucq8mr603m6af911aobfsub3s5eq9md', '::1', 1570439734, 0x5f5f63695f6c6173745f726567656e65726174657c693a313537303433393733343b757365725f6e616d657c733a353a2273756a6f6e223b757365725f747970657c733a353a2261646d696e223b757365725f706963747572657c733a37343a2275706c6f6164732f757365722f30372d30392d323031392d32363136373032315f3338393034323031343834313433355f333138323036323238313036343834353135395f6e2e6a7067223b64697374726963745f6e616d657c733a31313a224b6973686f726567616e6a223b757365725f7374617475737c733a363a22616374697665223b757365725f69647c733a313a2231223b726567697374657265645f646174657c733a31313a2233302c5365702c32303139223b),
('svfrqdj67ked7ubq4s41s4jkpmq007qg', '::1', 1570438935, 0x5f5f63695f6c6173745f726567656e65726174657c693a313537303433383933353b757365725f6e616d657c733a353a2273756a6f6e223b757365725f747970657c733a353a2261646d696e223b757365725f706963747572657c733a37343a2275706c6f6164732f757365722f30372d30392d323031392d32363136373032315f3338393034323031343834313433355f333138323036323238313036343834353135395f6e2e6a7067223b64697374726963745f6e616d657c733a31313a224b6973686f726567616e6a223b757365725f7374617475737c733a363a22616374697665223b757365725f69647c733a313a2231223b726567697374657265645f646174657c733a31313a2233302c5365702c32303139223b),
('vf8v4f3eievob3s0f45afpa6ut1f7jov', '::1', 1570438622, 0x5f5f63695f6c6173745f726567656e65726174657c693a313537303433383632323b757365725f6e616d657c733a353a2273756a6f6e223b757365725f747970657c733a353a2261646d696e223b757365725f706963747572657c733a37343a2275706c6f6164732f757365722f30372d30392d323031392d32363136373032315f3338393034323031343834313433355f333138323036323238313036343834353135395f6e2e6a7067223b64697374726963745f6e616d657c733a31313a224b6973686f726567616e6a223b757365725f7374617475737c733a363a22616374697665223b757365725f69647c733a313a2231223b726567697374657265645f646174657c733a31313a2233302c5365702c32303139223b6d6573736167657c733a34363a22437573746f6d657220496e666f726d6174696f6e20496e736572746564207375636365737366756c6c7920212121223b5f5f63695f766172737c613a313a7b733a373a226d657373616765223b733a333a226f6c64223b7d),
('5nmuhal8v053s6grfvc5up63nkhfl4nh', '::1', 1570438299, 0x5f5f63695f6c6173745f726567656e65726174657c693a313537303433383239393b757365725f6e616d657c733a353a2273756a6f6e223b757365725f747970657c733a353a2261646d696e223b757365725f706963747572657c733a37343a2275706c6f6164732f757365722f30372d30392d323031392d32363136373032315f3338393034323031343834313433355f333138323036323238313036343834353135395f6e2e6a7067223b64697374726963745f6e616d657c733a31313a224b6973686f726567616e6a223b757365725f7374617475737c733a363a22616374697665223b757365725f69647c733a313a2231223b726567697374657265645f646174657c733a31313a2233302c5365702c32303139223b),
('9d00a97l7j6oier0a4070rsje8djc6nu', '::1', 1570437931, 0x5f5f63695f6c6173745f726567656e65726174657c693a313537303433373933313b757365725f6e616d657c733a353a2273756a6f6e223b757365725f747970657c733a353a2261646d696e223b757365725f706963747572657c733a37343a2275706c6f6164732f757365722f30372d30392d323031392d32363136373032315f3338393034323031343834313433355f333138323036323238313036343834353135395f6e2e6a7067223b64697374726963745f6e616d657c733a31313a224b6973686f726567616e6a223b757365725f7374617475737c733a363a22616374697665223b757365725f69647c733a313a2231223b726567697374657265645f646174657c733a31313a2233302c5365702c32303139223b),
('3v81bjf086al273m1gq5r09dvv868bhp', '::1', 1570437581, 0x5f5f63695f6c6173745f726567656e65726174657c693a313537303433373538313b757365725f6e616d657c733a353a2273756a6f6e223b757365725f747970657c733a353a2261646d696e223b757365725f706963747572657c733a37343a2275706c6f6164732f757365722f30372d30392d323031392d32363136373032315f3338393034323031343834313433355f333138323036323238313036343834353135395f6e2e6a7067223b64697374726963745f6e616d657c733a31313a224b6973686f726567616e6a223b757365725f7374617475737c733a363a22616374697665223b757365725f69647c733a313a2231223b726567697374657265645f646174657c733a31313a2233302c5365702c32303139223b),
('bnaoqpdh2l84b2d111tc29jf3ktc8n0g', '::1', 1570437240, 0x5f5f63695f6c6173745f726567656e65726174657c693a313537303433373234303b757365725f6e616d657c733a353a2273756a6f6e223b757365725f747970657c733a353a2261646d696e223b757365725f706963747572657c733a37343a2275706c6f6164732f757365722f30372d30392d323031392d32363136373032315f3338393034323031343834313433355f333138323036323238313036343834353135395f6e2e6a7067223b64697374726963745f6e616d657c733a31313a224b6973686f726567616e6a223b757365725f7374617475737c733a363a22616374697665223b757365725f69647c733a313a2231223b726567697374657265645f646174657c733a31313a2233302c5365702c32303139223b),
('1sgd7fe0mp3oetg48nbtsa81302mnkkp', '::1', 1570436596, 0x5f5f63695f6c6173745f726567656e65726174657c693a313537303433363539363b757365725f6e616d657c733a353a2273756a6f6e223b757365725f747970657c733a353a2261646d696e223b757365725f706963747572657c733a37343a2275706c6f6164732f757365722f30372d30392d323031392d32363136373032315f3338393034323031343834313433355f333138323036323238313036343834353135395f6e2e6a7067223b64697374726963745f6e616d657c733a31313a224b6973686f726567616e6a223b757365725f7374617475737c733a363a22616374697665223b757365725f69647c733a313a2231223b726567697374657265645f646174657c733a31313a2233302c5365702c32303139223b),
('j3ddjoimqkdqgdk57oj0qlq5osgnc6ag', '::1', 1570436918, 0x5f5f63695f6c6173745f726567656e65726174657c693a313537303433363931383b757365725f6e616d657c733a353a2273756a6f6e223b757365725f747970657c733a353a2261646d696e223b757365725f706963747572657c733a37343a2275706c6f6164732f757365722f30372d30392d323031392d32363136373032315f3338393034323031343834313433355f333138323036323238313036343834353135395f6e2e6a7067223b64697374726963745f6e616d657c733a31313a224b6973686f726567616e6a223b757365725f7374617475737c733a363a22616374697665223b757365725f69647c733a313a2231223b726567697374657265645f646174657c733a31313a2233302c5365702c32303139223b),
('cji13ilc8ut3gdlnb68nblscd8rak37a', '::1', 1570435597, 0x5f5f63695f6c6173745f726567656e65726174657c693a313537303433353539373b757365725f6e616d657c733a353a2273756a6f6e223b757365725f747970657c733a353a2261646d696e223b757365725f706963747572657c733a37343a2275706c6f6164732f757365722f30372d30392d323031392d32363136373032315f3338393034323031343834313433355f333138323036323238313036343834353135395f6e2e6a7067223b64697374726963745f6e616d657c733a31313a224b6973686f726567616e6a223b757365725f7374617475737c733a363a22616374697665223b757365725f69647c733a313a2231223b726567697374657265645f646174657c733a31313a2233302c5365702c32303139223b),
('9r8f3kfnutne1ci1h1fvr8o0jjp6gkmi', '::1', 1570436234, 0x5f5f63695f6c6173745f726567656e65726174657c693a313537303433363233343b757365725f6e616d657c733a353a2273756a6f6e223b757365725f747970657c733a353a2261646d696e223b757365725f706963747572657c733a37343a2275706c6f6164732f757365722f30372d30392d323031392d32363136373032315f3338393034323031343834313433355f333138323036323238313036343834353135395f6e2e6a7067223b64697374726963745f6e616d657c733a31313a224b6973686f726567616e6a223b757365725f7374617475737c733a363a22616374697665223b757365725f69647c733a313a2231223b726567697374657265645f646174657c733a31313a2233302c5365702c32303139223b),
('re47qphie3jesm8ogfi7tl89ng2daq26', '::1', 1570435912, 0x5f5f63695f6c6173745f726567656e65726174657c693a313537303433353931323b757365725f6e616d657c733a353a2273756a6f6e223b757365725f747970657c733a353a2261646d696e223b757365725f706963747572657c733a37343a2275706c6f6164732f757365722f30372d30392d323031392d32363136373032315f3338393034323031343834313433355f333138323036323238313036343834353135395f6e2e6a7067223b64697374726963745f6e616d657c733a31313a224b6973686f726567616e6a223b757365725f7374617475737c733a363a22616374697665223b757365725f69647c733a313a2231223b726567697374657265645f646174657c733a31313a2233302c5365702c32303139223b),
('ucqjsguc18k8ld05s4beh1cq8ua792nh', '::1', 1570434843, 0x5f5f63695f6c6173745f726567656e65726174657c693a313537303433343834333b757365725f6e616d657c733a353a2273756a6f6e223b757365725f747970657c733a353a2261646d696e223b757365725f706963747572657c733a37343a2275706c6f6164732f757365722f30372d30392d323031392d32363136373032315f3338393034323031343834313433355f333138323036323238313036343834353135395f6e2e6a7067223b64697374726963745f6e616d657c733a31313a224b6973686f726567616e6a223b757365725f7374617475737c733a363a22616374697665223b757365725f69647c733a313a2231223b726567697374657265645f646174657c733a31313a2233302c5365702c32303139223b),
('7fem6703ggk291t8frcum4vvvs5og4sb', '::1', 1570435241, 0x5f5f63695f6c6173745f726567656e65726174657c693a313537303433353234313b757365725f6e616d657c733a353a2273756a6f6e223b757365725f747970657c733a353a2261646d696e223b757365725f706963747572657c733a37343a2275706c6f6164732f757365722f30372d30392d323031392d32363136373032315f3338393034323031343834313433355f333138323036323238313036343834353135395f6e2e6a7067223b64697374726963745f6e616d657c733a31313a224b6973686f726567616e6a223b757365725f7374617475737c733a363a22616374697665223b757365725f69647c733a313a2231223b726567697374657265645f646174657c733a31313a2233302c5365702c32303139223b),
('m321ekfovimi99iod2dgqd0l1dfd18ac', '::1', 1570434489, 0x5f5f63695f6c6173745f726567656e65726174657c693a313537303433343438393b757365725f6e616d657c733a353a2273756a6f6e223b757365725f747970657c733a353a2261646d696e223b757365725f706963747572657c733a37343a2275706c6f6164732f757365722f30372d30392d323031392d32363136373032315f3338393034323031343834313433355f333138323036323238313036343834353135395f6e2e6a7067223b64697374726963745f6e616d657c733a31313a224b6973686f726567616e6a223b757365725f7374617475737c733a363a22616374697665223b757365725f69647c733a313a2231223b726567697374657265645f646174657c733a31313a2233302c5365702c32303139223b),
('0226tdt724p32vbquuv5j6tm93u42aah', '::1', 1570431665, 0x5f5f63695f6c6173745f726567656e65726174657c693a313537303433313636353b757365725f6e616d657c733a353a2273756a6f6e223b757365725f747970657c733a353a2261646d696e223b757365725f706963747572657c733a37343a2275706c6f6164732f757365722f30372d30392d323031392d32363136373032315f3338393034323031343834313433355f333138323036323238313036343834353135395f6e2e6a7067223b64697374726963745f6e616d657c733a31313a224b6973686f726567616e6a223b757365725f7374617475737c733a363a22616374697665223b757365725f69647c733a313a2231223b726567697374657265645f646174657c733a31313a2233302c5365702c32303139223b),
('phrn5hgipjb4rul48h5a40b1q4jdql0a', '::1', 1570431991, 0x5f5f63695f6c6173745f726567656e65726174657c693a313537303433313939313b757365725f6e616d657c733a353a2273756a6f6e223b757365725f747970657c733a353a2261646d696e223b757365725f706963747572657c733a37343a2275706c6f6164732f757365722f30372d30392d323031392d32363136373032315f3338393034323031343834313433355f333138323036323238313036343834353135395f6e2e6a7067223b64697374726963745f6e616d657c733a31313a224b6973686f726567616e6a223b757365725f7374617475737c733a363a22616374697665223b757365725f69647c733a313a2231223b726567697374657265645f646174657c733a31313a2233302c5365702c32303139223b),
('gk3i8b19cga4shjve8l0ihpjipueds21', '::1', 1570430781, 0x5f5f63695f6c6173745f726567656e65726174657c693a313537303433303738313b757365725f6e616d657c733a353a2273756a6f6e223b757365725f747970657c733a353a2261646d696e223b757365725f706963747572657c733a37343a2275706c6f6164732f757365722f30372d30392d323031392d32363136373032315f3338393034323031343834313433355f333138323036323238313036343834353135395f6e2e6a7067223b64697374726963745f6e616d657c733a31313a224b6973686f726567616e6a223b757365725f7374617475737c733a363a22616374697665223b757365725f69647c733a313a2231223b726567697374657265645f646174657c733a31313a2233302c5365702c32303139223b5f5f63695f766172737c613a313a7b733a373a226d657373616765223b733a333a226f6c64223b7d),
('ptal0m3sc4q03ucst4clsuogsspat7mi', '::1', 1570431100, 0x5f5f63695f6c6173745f726567656e65726174657c693a313537303433313130303b757365725f6e616d657c733a353a2273756a6f6e223b757365725f747970657c733a353a2261646d696e223b757365725f706963747572657c733a37343a2275706c6f6164732f757365722f30372d30392d323031392d32363136373032315f3338393034323031343834313433355f333138323036323238313036343834353135395f6e2e6a7067223b64697374726963745f6e616d657c733a31313a224b6973686f726567616e6a223b757365725f7374617475737c733a363a22616374697665223b757365725f69647c733a313a2231223b726567697374657265645f646174657c733a31313a2233302c5365702c32303139223b),
('v58uafmtqi4igmq5ra8tt8976gi6jjeu', '::1', 1570430420, 0x5f5f63695f6c6173745f726567656e65726174657c693a313537303433303432303b757365725f6e616d657c733a353a2273756a6f6e223b757365725f747970657c733a353a2261646d696e223b757365725f706963747572657c733a37343a2275706c6f6164732f757365722f30372d30392d323031392d32363136373032315f3338393034323031343834313433355f333138323036323238313036343834353135395f6e2e6a7067223b64697374726963745f6e616d657c733a31313a224b6973686f726567616e6a223b757365725f7374617475737c733a363a22616374697665223b757365725f69647c733a313a2231223b726567697374657265645f646174657c733a31313a2233302c5365702c32303139223b),
('ltpiqvb81cj8390ui229l6kqkk3c6jot', '::1', 1570430043, 0x5f5f63695f6c6173745f726567656e65726174657c693a313537303433303034333b757365725f6e616d657c733a353a2273756a6f6e223b757365725f747970657c733a353a2261646d696e223b757365725f706963747572657c733a37343a2275706c6f6164732f757365722f30372d30392d323031392d32363136373032315f3338393034323031343834313433355f333138323036323238313036343834353135395f6e2e6a7067223b64697374726963745f6e616d657c733a31313a224b6973686f726567616e6a223b757365725f7374617475737c733a363a22616374697665223b757365725f69647c733a313a2231223b726567697374657265645f646174657c733a31313a2233302c5365702c32303139223b),
('56cb7id3vpno6huf4jrlv8rhlmp9b05f', '::1', 1570429567, 0x5f5f63695f6c6173745f726567656e65726174657c693a313537303432393536373b757365725f6e616d657c733a353a2273756a6f6e223b757365725f747970657c733a353a2261646d696e223b757365725f706963747572657c733a37343a2275706c6f6164732f757365722f30372d30392d323031392d32363136373032315f3338393034323031343834313433355f333138323036323238313036343834353135395f6e2e6a7067223b64697374726963745f6e616d657c733a31313a224b6973686f726567616e6a223b757365725f7374617475737c733a363a22616374697665223b757365725f69647c733a313a2231223b726567697374657265645f646174657c733a31313a2233302c5365702c32303139223b),
('dbhudtjg2tgdm60fnq7l7pebp6lslq97', '::1', 1570429174, 0x5f5f63695f6c6173745f726567656e65726174657c693a313537303432393137343b757365725f6e616d657c733a353a2273756a6f6e223b757365725f747970657c733a353a2261646d696e223b757365725f706963747572657c733a37343a2275706c6f6164732f757365722f30372d30392d323031392d32363136373032315f3338393034323031343834313433355f333138323036323238313036343834353135395f6e2e6a7067223b64697374726963745f6e616d657c733a31313a224b6973686f726567616e6a223b757365725f7374617475737c733a363a22616374697665223b757365725f69647c733a313a2231223b726567697374657265645f646174657c733a31313a2233302c5365702c32303139223b),
('iqm5seg702pmhoam4o0luekocg3sdqsg', '::1', 1570428867, 0x5f5f63695f6c6173745f726567656e65726174657c693a313537303432383836373b757365725f6e616d657c733a353a2273756a6f6e223b757365725f747970657c733a353a2261646d696e223b757365725f706963747572657c733a37343a2275706c6f6164732f757365722f30372d30392d323031392d32363136373032315f3338393034323031343834313433355f333138323036323238313036343834353135395f6e2e6a7067223b64697374726963745f6e616d657c733a31313a224b6973686f726567616e6a223b757365725f7374617475737c733a363a22616374697665223b757365725f69647c733a313a2231223b726567697374657265645f646174657c733a31313a2233302c5365702c32303139223b),
('uvuq5jmlv2hqi2aq1mi5ad8fes5miuch', '::1', 1570428490, 0x5f5f63695f6c6173745f726567656e65726174657c693a313537303432383439303b757365725f6e616d657c733a353a2273756a6f6e223b757365725f747970657c733a353a2261646d696e223b757365725f706963747572657c733a37343a2275706c6f6164732f757365722f30372d30392d323031392d32363136373032315f3338393034323031343834313433355f333138323036323238313036343834353135395f6e2e6a7067223b64697374726963745f6e616d657c733a31313a224b6973686f726567616e6a223b757365725f7374617475737c733a363a22616374697665223b757365725f69647c733a313a2231223b726567697374657265645f646174657c733a31313a2233302c5365702c32303139223b),
('2h2nve1kc90av5dqht214aef7v2fcnd4', '::1', 1570428166, 0x5f5f63695f6c6173745f726567656e65726174657c693a313537303432383136363b757365725f6e616d657c733a353a2273756a6f6e223b757365725f747970657c733a353a2261646d696e223b757365725f706963747572657c733a37343a2275706c6f6164732f757365722f30372d30392d323031392d32363136373032315f3338393034323031343834313433355f333138323036323238313036343834353135395f6e2e6a7067223b64697374726963745f6e616d657c733a31313a224b6973686f726567616e6a223b757365725f7374617475737c733a363a22616374697665223b757365725f69647c733a313a2231223b726567697374657265645f646174657c733a31313a2233302c5365702c32303139223b),
('12uun7k70f08b86vt06acf4v2t3mn2l2', '::1', 1570427831, 0x5f5f63695f6c6173745f726567656e65726174657c693a313537303432373833313b757365725f6e616d657c733a353a2273756a6f6e223b757365725f747970657c733a353a2261646d696e223b757365725f706963747572657c733a37343a2275706c6f6164732f757365722f30372d30392d323031392d32363136373032315f3338393034323031343834313433355f333138323036323238313036343834353135395f6e2e6a7067223b64697374726963745f6e616d657c733a31313a224b6973686f726567616e6a223b757365725f7374617475737c733a363a22616374697665223b757365725f69647c733a313a2231223b726567697374657265645f646174657c733a31313a2233302c5365702c32303139223b),
('0ievohts0qv8iqmotfnacrk0kfcp03l5', '::1', 1570427504, 0x5f5f63695f6c6173745f726567656e65726174657c693a313537303432373530343b757365725f6e616d657c733a353a2273756a6f6e223b757365725f747970657c733a353a2261646d696e223b757365725f706963747572657c733a37343a2275706c6f6164732f757365722f30372d30392d323031392d32363136373032315f3338393034323031343834313433355f333138323036323238313036343834353135395f6e2e6a7067223b64697374726963745f6e616d657c733a31313a224b6973686f726567616e6a223b757365725f7374617475737c733a363a22616374697665223b757365725f69647c733a313a2231223b726567697374657265645f646174657c733a31313a2233302c5365702c32303139223b),
('4bl4sljt1epjp8mfk8mvvit0msdl3s9f', '::1', 1570427203, 0x5f5f63695f6c6173745f726567656e65726174657c693a313537303432373230333b757365725f6e616d657c733a353a2273756a6f6e223b757365725f747970657c733a353a2261646d696e223b757365725f706963747572657c733a37343a2275706c6f6164732f757365722f30372d30392d323031392d32363136373032315f3338393034323031343834313433355f333138323036323238313036343834353135395f6e2e6a7067223b64697374726963745f6e616d657c733a31313a224b6973686f726567616e6a223b757365725f7374617475737c733a363a22616374697665223b757365725f69647c733a313a2231223b726567697374657265645f646174657c733a31313a2233302c5365702c32303139223b),
('nftliuqvkbtu1kesusgflsq5at8faaab', '::1', 1570426894, 0x5f5f63695f6c6173745f726567656e65726174657c693a313537303432363839343b757365725f6e616d657c733a353a2273756a6f6e223b757365725f747970657c733a353a2261646d696e223b757365725f706963747572657c733a37343a2275706c6f6164732f757365722f30372d30392d323031392d32363136373032315f3338393034323031343834313433355f333138323036323238313036343834353135395f6e2e6a7067223b64697374726963745f6e616d657c733a31313a224b6973686f726567616e6a223b757365725f7374617475737c733a363a22616374697665223b757365725f69647c733a313a2231223b726567697374657265645f646174657c733a31313a2233302c5365702c32303139223b),
('ra1bdchaim9pbtg9b8sm9joos6jg5fau', '::1', 1570426554, 0x5f5f63695f6c6173745f726567656e65726174657c693a313537303432363535343b757365725f6e616d657c733a353a2273756a6f6e223b757365725f747970657c733a353a2261646d696e223b757365725f706963747572657c733a37343a2275706c6f6164732f757365722f30372d30392d323031392d32363136373032315f3338393034323031343834313433355f333138323036323238313036343834353135395f6e2e6a7067223b64697374726963745f6e616d657c733a31313a224b6973686f726567616e6a223b757365725f7374617475737c733a363a22616374697665223b757365725f69647c733a313a2231223b726567697374657265645f646174657c733a31313a2233302c5365702c32303139223b),
('bevn8647tfpendkpik9inj45hnkuhm0l', '::1', 1570426240, 0x5f5f63695f6c6173745f726567656e65726174657c693a313537303432363234303b757365725f6e616d657c733a353a2273756a6f6e223b757365725f747970657c733a353a2261646d696e223b757365725f706963747572657c733a37343a2275706c6f6164732f757365722f30372d30392d323031392d32363136373032315f3338393034323031343834313433355f333138323036323238313036343834353135395f6e2e6a7067223b64697374726963745f6e616d657c733a31313a224b6973686f726567616e6a223b757365725f7374617475737c733a363a22616374697665223b757365725f69647c733a313a2231223b726567697374657265645f646174657c733a31313a2233302c5365702c32303139223b),
('5dci69oprms1l0rkde4lh0u8299q0doi', '::1', 1570425927, 0x5f5f63695f6c6173745f726567656e65726174657c693a313537303432353932373b757365725f6e616d657c733a353a2273756a6f6e223b757365725f747970657c733a353a2261646d696e223b757365725f706963747572657c733a37343a2275706c6f6164732f757365722f30372d30392d323031392d32363136373032315f3338393034323031343834313433355f333138323036323238313036343834353135395f6e2e6a7067223b64697374726963745f6e616d657c733a31313a224b6973686f726567616e6a223b757365725f7374617475737c733a363a22616374697665223b757365725f69647c733a313a2231223b726567697374657265645f646174657c733a31313a2233302c5365702c32303139223b),
('b63t851hac6helq3q7b8m0f8q9amk58n', '::1', 1570425585, 0x5f5f63695f6c6173745f726567656e65726174657c693a313537303432353538353b757365725f6e616d657c733a353a2273756a6f6e223b757365725f747970657c733a353a2261646d696e223b757365725f706963747572657c733a37343a2275706c6f6164732f757365722f30372d30392d323031392d32363136373032315f3338393034323031343834313433355f333138323036323238313036343834353135395f6e2e6a7067223b64697374726963745f6e616d657c733a31313a224b6973686f726567616e6a223b757365725f7374617475737c733a363a22616374697665223b757365725f69647c733a313a2231223b726567697374657265645f646174657c733a31313a2233302c5365702c32303139223b),
('f9orc6klc4puof5tvinsdotllt5m2q9t', '::1', 1570425259, 0x5f5f63695f6c6173745f726567656e65726174657c693a313537303432353235393b757365725f6e616d657c733a353a2273756a6f6e223b757365725f747970657c733a353a2261646d696e223b757365725f706963747572657c733a37343a2275706c6f6164732f757365722f30372d30392d323031392d32363136373032315f3338393034323031343834313433355f333138323036323238313036343834353135395f6e2e6a7067223b64697374726963745f6e616d657c733a31313a224b6973686f726567616e6a223b757365725f7374617475737c733a363a22616374697665223b757365725f69647c733a313a2231223b726567697374657265645f646174657c733a31313a2233302c5365702c32303139223b),
('td3ss8afesm04r43q49isgkkjhqlulip', '::1', 1570424930, 0x5f5f63695f6c6173745f726567656e65726174657c693a313537303432343933303b757365725f6e616d657c733a353a2273756a6f6e223b757365725f747970657c733a353a2261646d696e223b757365725f706963747572657c733a37343a2275706c6f6164732f757365722f30372d30392d323031392d32363136373032315f3338393034323031343834313433355f333138323036323238313036343834353135395f6e2e6a7067223b64697374726963745f6e616d657c733a31313a224b6973686f726567616e6a223b757365725f7374617475737c733a363a22616374697665223b757365725f69647c733a313a2231223b726567697374657265645f646174657c733a31313a2233302c5365702c32303139223b),
('tcqcullpm6lp3msg49fvbqpnbliokosr', '::1', 1570378652, 0x5f5f63695f6c6173745f726567656e65726174657c693a313537303337383436383b757365725f6e616d657c733a31323a22416264757220726f686d616e223b757365725f747970657c733a353a2261646d696e223b757365725f706963747572657c733a303a22223b64697374726963745f6e616d657c733a353a224468616b61223b757365725f69647c733a313a2234223b726567697374657265645f646174657c733a31303a22342c4f63742c32303139223b757365725f7374617475737c733a363a22616374697665223b),
('mgm8no8ukcspoo9vcd36rjn2btred3fl', '::1', 1570378468, 0x5f5f63695f6c6173745f726567656e65726174657c693a313537303337383436383b757365725f6e616d657c733a31303a2269736f6c7574696f6e73223b757365725f747970657c733a31323a226f66666963652d7374616666223b757365725f706963747572657c733a34313a2275706c6f6164732f757365722f30352d30392d323031392d66696e616c20636172642e61692e706e67223b64697374726963745f6e616d657c733a31303a224d756e73686967616e6a223b757365725f7374617475737c733a363a22616374697665223b757365725f69647c733a313a2232223b726567697374657265645f646174657c733a31303a22322c4f63742c32303139223b),
('jqn5k9n7f1eueuh085eei08amdctvaec', '::1', 1570342434, 0x5f5f63695f6c6173745f726567656e65726174657c693a313537303334323334383b757365725f6e616d657c733a31323a22416264757220726f686d616e223b757365725f747970657c733a353a2261646d696e223b757365725f706963747572657c733a303a22223b64697374726963745f6e616d657c733a353a224468616b61223b757365725f69647c733a313a2234223b726567697374657265645f646174657c733a31303a22342c4f63742c32303139223b757365725f7374617475737c733a363a22616374697665223b),
('h3m0jod507d3tcp27rrdl3f7pncjfgg2', '::1', 1570342348, 0x5f5f63695f6c6173745f726567656e65726174657c693a313537303334323334383b757365725f6e616d657c733a31323a22416264757220726f686d616e223b757365725f747970657c733a353a2261646d696e223b757365725f706963747572657c733a303a22223b64697374726963745f6e616d657c733a353a224468616b61223b757365725f69647c733a313a2234223b726567697374657265645f646174657c733a31303a22342c4f63742c32303139223b757365725f7374617475737c733a363a22616374697665223b),
('douf3ivm3ihns2d9s88ah2uuuktg6oo3', '::1', 1570270092, 0x5f5f63695f6c6173745f726567656e65726174657c693a313537303237303039323b),
('j9fc16dm7ik8l5nn2sgrignhlad7kghj', '127.0.0.1', 1570269673, 0x5f5f63695f6c6173745f726567656e65726174657c693a313537303236393633333b757365725f6e616d657c733a353a2273756a6f6e223b757365725f747970657c733a353a2261646d696e223b757365725f706963747572657c733a37343a2275706c6f6164732f757365722f30372d30392d323031392d32363136373032315f3338393034323031343834313433355f333138323036323238313036343834353135395f6e2e6a7067223b64697374726963745f6e616d657c733a31313a224b6973686f726567616e6a223b757365725f69647c733a313a2231223b726567697374657265645f646174657c733a31313a2233302c5365702c32303139223b757365725f7374617475737c733a363a22616374697665223b),
('5fv4jam3uano8e89f6b45or43bu57d1f', '127.0.0.1', 1570269633, 0x5f5f63695f6c6173745f726567656e65726174657c693a313537303236393633333b757365725f6e616d657c733a353a2273756a6f6e223b757365725f747970657c733a353a2261646d696e223b757365725f706963747572657c733a37343a2275706c6f6164732f757365722f30372d30392d323031392d32363136373032315f3338393034323031343834313433355f333138323036323238313036343834353135395f6e2e6a7067223b64697374726963745f6e616d657c733a31313a224b6973686f726567616e6a223b757365725f69647c733a313a2231223b726567697374657265645f646174657c733a31313a2233302c5365702c32303139223b757365725f7374617475737c733a363a22616374697665223b),
('fdl68du4huqvnuus4idhvp6ip145tsfo', '127.0.0.1', 1570269225, 0x5f5f63695f6c6173745f726567656e65726174657c693a313537303236393232353b757365725f6e616d657c733a353a2273756a6f6e223b757365725f747970657c733a353a2261646d696e223b757365725f706963747572657c733a37343a2275706c6f6164732f757365722f30372d30392d323031392d32363136373032315f3338393034323031343834313433355f333138323036323238313036343834353135395f6e2e6a7067223b64697374726963745f6e616d657c733a31313a224b6973686f726567616e6a223b757365725f69647c733a313a2231223b726567697374657265645f646174657c733a31313a2233302c5365702c32303139223b757365725f7374617475737c733a363a22616374697665223b),
('gna17b84r04jsvhatb8f29su5hc4sssa', '127.0.0.1', 1570268835, 0x5f5f63695f6c6173745f726567656e65726174657c693a313537303236383833353b757365725f6e616d657c733a353a2273756a6f6e223b757365725f747970657c733a353a2261646d696e223b757365725f706963747572657c733a37343a2275706c6f6164732f757365722f30372d30392d323031392d32363136373032315f3338393034323031343834313433355f333138323036323238313036343834353135395f6e2e6a7067223b64697374726963745f6e616d657c733a31313a224b6973686f726567616e6a223b757365725f69647c733a313a2231223b726567697374657265645f646174657c733a31313a2233302c5365702c32303139223b757365725f7374617475737c733a363a22616374697665223b),
('po3gf3cm3djco61inro3suvr2gl8lh32', '127.0.0.1', 1570267936, 0x5f5f63695f6c6173745f726567656e65726174657c693a313537303236373933363b757365725f6e616d657c733a353a2273756a6f6e223b757365725f747970657c733a353a2261646d696e223b757365725f706963747572657c733a37343a2275706c6f6164732f757365722f30372d30392d323031392d32363136373032315f3338393034323031343834313433355f333138323036323238313036343834353135395f6e2e6a7067223b64697374726963745f6e616d657c733a31313a224b6973686f726567616e6a223b757365725f69647c733a313a2231223b726567697374657265645f646174657c733a31313a2233302c5365702c32303139223b757365725f7374617475737c733a363a22616374697665223b),
('sg5luj0h1kudnem87lh4p11cos004646', '127.0.0.1', 1570267608, 0x5f5f63695f6c6173745f726567656e65726174657c693a313537303236373630383b757365725f6e616d657c733a353a2273756a6f6e223b757365725f747970657c733a353a2261646d696e223b757365725f706963747572657c733a37343a2275706c6f6164732f757365722f30372d30392d323031392d32363136373032315f3338393034323031343834313433355f333138323036323238313036343834353135395f6e2e6a7067223b64697374726963745f6e616d657c733a31313a224b6973686f726567616e6a223b757365725f69647c733a313a2231223b726567697374657265645f646174657c733a31313a2233302c5365702c32303139223b757365725f7374617475737c733a363a22616374697665223b),
('227hhrpellt31o882v57nvdtrcrkcigq', '::1', 1570270092, 0x5f5f63695f6c6173745f726567656e65726174657c693a313537303237303039323b),
('cvnne9jjig02qqm6q4uard3lgk8hqptp', '127.0.0.1', 1570266905, 0x5f5f63695f6c6173745f726567656e65726174657c693a313537303236363930353b757365725f6e616d657c733a353a2273756a6f6e223b757365725f747970657c733a353a2261646d696e223b757365725f706963747572657c733a37343a2275706c6f6164732f757365722f30372d30392d323031392d32363136373032315f3338393034323031343834313433355f333138323036323238313036343834353135395f6e2e6a7067223b64697374726963745f6e616d657c733a31313a224b6973686f726567616e6a223b757365725f69647c733a313a2231223b726567697374657265645f646174657c733a31313a2233302c5365702c32303139223b757365725f7374617475737c733a363a22616374697665223b),
('j469l25t1hlk3r0b6t1v7oh6vqdln7e6', '::1', 1570266372, 0x5f5f63695f6c6173745f726567656e65726174657c693a313537303236363337323b),
('pa1vupr1l4ucg20ist092gtveqr907qq', '127.0.0.1', 1570266515, 0x5f5f63695f6c6173745f726567656e65726174657c693a313537303236363531353b757365725f6e616d657c733a353a2273756a6f6e223b757365725f747970657c733a353a2261646d696e223b757365725f706963747572657c733a37343a2275706c6f6164732f757365722f30372d30392d323031392d32363136373032315f3338393034323031343834313433355f333138323036323238313036343834353135395f6e2e6a7067223b64697374726963745f6e616d657c733a31313a224b6973686f726567616e6a223b757365725f69647c733a313a2231223b726567697374657265645f646174657c733a31313a2233302c5365702c32303139223b757365725f7374617475737c733a363a22616374697665223b),
('c9vdve9dgnf2djarqajhs7q6grbu73ge', '127.0.0.1', 1570266084, 0x5f5f63695f6c6173745f726567656e65726174657c693a313537303236363038343b757365725f6e616d657c733a353a2273756a6f6e223b757365725f747970657c733a353a2261646d696e223b757365725f706963747572657c733a37343a2275706c6f6164732f757365722f30372d30392d323031392d32363136373032315f3338393034323031343834313433355f333138323036323238313036343834353135395f6e2e6a7067223b64697374726963745f6e616d657c733a31313a224b6973686f726567616e6a223b757365725f69647c733a313a2231223b726567697374657265645f646174657c733a31313a2233302c5365702c32303139223b757365725f7374617475737c733a363a22616374697665223b),
('74q21tmv32hnbkp007gakckkc9iq14jv', '::1', 1570265979, 0x5f5f63695f6c6173745f726567656e65726174657c693a313537303236353937393b),
('lcubpe1j6j5j9j45g1o12f1p657o0av8', '127.0.0.1', 1570265773, 0x5f5f63695f6c6173745f726567656e65726174657c693a313537303236353737333b757365725f6e616d657c733a353a2273756a6f6e223b757365725f747970657c733a353a2261646d696e223b757365725f706963747572657c733a37343a2275706c6f6164732f757365722f30372d30392d323031392d32363136373032315f3338393034323031343834313433355f333138323036323238313036343834353135395f6e2e6a7067223b64697374726963745f6e616d657c733a31313a224b6973686f726567616e6a223b757365725f69647c733a313a2231223b726567697374657265645f646174657c733a31313a2233302c5365702c32303139223b757365725f7374617475737c733a363a22616374697665223b),
('8s993papekcr9f374lr71vhaomd5q6ql', '127.0.0.1', 1570265258, 0x5f5f63695f6c6173745f726567656e65726174657c693a313537303236353235383b757365725f6e616d657c733a353a2273756a6f6e223b757365725f747970657c733a353a2261646d696e223b757365725f706963747572657c733a37343a2275706c6f6164732f757365722f30372d30392d323031392d32363136373032315f3338393034323031343834313433355f333138323036323238313036343834353135395f6e2e6a7067223b64697374726963745f6e616d657c733a31313a224b6973686f726567616e6a223b757365725f69647c733a313a2231223b726567697374657265645f646174657c733a31313a2233302c5365702c32303139223b757365725f7374617475737c733a363a22616374697665223b),
('0jkqv79chh5tp5eipdad7m6uerf978te', '127.0.0.1', 1570264506, 0x5f5f63695f6c6173745f726567656e65726174657c693a313537303236343530363b757365725f6e616d657c733a353a2273756a6f6e223b757365725f747970657c733a353a2261646d696e223b757365725f706963747572657c733a37343a2275706c6f6164732f757365722f30372d30392d323031392d32363136373032315f3338393034323031343834313433355f333138323036323238313036343834353135395f6e2e6a7067223b64697374726963745f6e616d657c733a31313a224b6973686f726567616e6a223b757365725f69647c733a313a2231223b726567697374657265645f646174657c733a31313a2233302c5365702c32303139223b757365725f7374617475737c733a363a22616374697665223b),
('7jeuahhmro4dmo4kbl0fti058dab9pfg', '127.0.0.1', 1570263057, 0x5f5f63695f6c6173745f726567656e65726174657c693a313537303236333035373b757365725f6e616d657c733a353a2273756a6f6e223b757365725f747970657c733a353a2261646d696e223b757365725f706963747572657c733a37343a2275706c6f6164732f757365722f30372d30392d323031392d32363136373032315f3338393034323031343834313433355f333138323036323238313036343834353135395f6e2e6a7067223b64697374726963745f6e616d657c733a31313a224b6973686f726567616e6a223b757365725f69647c733a313a2231223b726567697374657265645f646174657c733a31313a2233302c5365702c32303139223b757365725f7374617475737c733a363a22616374697665223b),
('ptbk8a1h22e65atrho72d5ut5cu44806', '::1', 1570203082, 0x5f5f63695f6c6173745f726567656e65726174657c693a313537303230333038323b757365725f6e616d657c733a393a22616264756c6c6c6168223b757365725f747970657c733a31323a226f66666963652d7374616666223b757365725f706963747572657c733a303a22223b64697374726963745f6e616d657c733a31313a224e61726179616e67616e6a223b757365725f69647c733a313a2235223b726567697374657265645f646174657c733a31303a22342c4f63742c32303139223b),
('dl4idd82o4p5h7g13f9frb33778g9ura', '::1', 1570199979, 0x5f5f63695f6c6173745f726567656e65726174657c693a313537303139393937393b),
('ge18k6752ci6o6a05hpufk39jrfpmbep', '::1', 1570200297, 0x5f5f63695f6c6173745f726567656e65726174657c693a313537303230303239373b),
('88lq3cvm7mau3qeo0t0jv3jo1pq3eh65', '::1', 1570200657, 0x5f5f63695f6c6173745f726567656e65726174657c693a313537303230303635373b757365725f6e616d657c733a31303a2269736f6c7574696f6e73223b757365725f747970657c733a31323a226f66666963652d7374616666223b757365725f706963747572657c733a34313a2275706c6f6164732f757365722f30352d30392d323031392d66696e616c20636172642e61692e706e67223b64697374726963745f6e616d657c733a31303a224d756e73686967616e6a223b757365725f7374617475737c733a363a22616374697665223b757365725f69647c733a313a2232223b726567697374657265645f646174657c733a31303a22322c4f63742c32303139223b),
('ih8u3kdrhklnsnvikvulr94g4jp3gdkb', '::1', 1570200976, 0x5f5f63695f6c6173745f726567656e65726174657c693a313537303230303937363b757365725f6e616d657c733a31323a22416264757220726f686d616e223b757365725f747970657c733a353a2261646d696e223b757365725f706963747572657c733a303a22223b64697374726963745f6e616d657c733a353a224468616b61223b757365725f69647c733a313a2234223b726567697374657265645f646174657c733a31303a22342c4f63742c32303139223b757365725f7374617475737c733a363a22616374697665223b),
('170nq4k0c4akuuuj4lpubb1ni1r6nhpg', '::1', 1570201280, 0x5f5f63695f6c6173745f726567656e65726174657c693a313537303230313238303b757365725f6e616d657c733a393a22616264756c6c6c6168223b757365725f747970657c733a31323a226f66666963652d7374616666223b757365725f706963747572657c733a303a22223b64697374726963745f6e616d657c733a31313a224e61726179616e67616e6a223b757365725f69647c733a313a2235223b726567697374657265645f646174657c733a31303a22342c4f63742c32303139223b757365725f7374617475737c733a363a22616374697665223b),
('ij0mariqivi32169lsdlacpd5rvn6un7', '::1', 1570203082, 0x5f5f63695f6c6173745f726567656e65726174657c693a313537303230333038323b757365725f6e616d657c733a393a22616264756c6c6c6168223b757365725f747970657c733a31323a226f66666963652d7374616666223b757365725f706963747572657c733a303a22223b64697374726963745f6e616d657c733a31313a224e61726179616e67616e6a223b757365725f69647c733a313a2235223b726567697374657265645f646174657c733a31303a22342c4f63742c32303139223b757365725f7374617475737c733a363a22616374697665223b),
('elv0l727je6o39os2dkjhpv22qinobd0', '::1', 1570442168, 0x5f5f63695f6c6173745f726567656e65726174657c693a313537303434323136383b757365725f6e616d657c733a353a2273756a6f6e223b757365725f747970657c733a353a2261646d696e223b757365725f706963747572657c733a37343a2275706c6f6164732f757365722f30372d30392d323031392d32363136373032315f3338393034323031343834313433355f333138323036323238313036343834353135395f6e2e6a7067223b64697374726963745f6e616d657c733a31313a224b6973686f726567616e6a223b757365725f7374617475737c733a363a22616374697665223b757365725f69647c733a313a2231223b726567697374657265645f646174657c733a31313a2233302c5365702c32303139223b6d6573736167657c733a34353a22437573746f6d657220496e666f726d6174696f6e2075706461746564207375636365737366756c6c7920212121223b5f5f63695f766172737c613a313a7b733a373a226d657373616765223b733a333a226e6577223b7d),
('lov5f8136jv41htufc1504mhj2p9jnvk', '::1', 1570442478, 0x5f5f63695f6c6173745f726567656e65726174657c693a313537303434323437383b757365725f6e616d657c733a353a2273756a6f6e223b757365725f747970657c733a353a2261646d696e223b757365725f706963747572657c733a37343a2275706c6f6164732f757365722f30372d30392d323031392d32363136373032315f3338393034323031343834313433355f333138323036323238313036343834353135395f6e2e6a7067223b64697374726963745f6e616d657c733a31313a224b6973686f726567616e6a223b757365725f7374617475737c733a363a22616374697665223b757365725f69647c733a313a2231223b726567697374657265645f646174657c733a31313a2233302c5365702c32303139223b),
('97nm8c5j84gjfq2j1ske358a6pvovgk9', '::1', 1570442790, 0x5f5f63695f6c6173745f726567656e65726174657c693a313537303434323739303b757365725f6e616d657c733a353a2273756a6f6e223b757365725f747970657c733a353a2261646d696e223b757365725f706963747572657c733a37343a2275706c6f6164732f757365722f30372d30392d323031392d32363136373032315f3338393034323031343834313433355f333138323036323238313036343834353135395f6e2e6a7067223b64697374726963745f6e616d657c733a31313a224b6973686f726567616e6a223b757365725f7374617475737c733a363a22616374697665223b757365725f69647c733a313a2231223b726567697374657265645f646174657c733a31313a2233302c5365702c32303139223b),
('v0e5bj94mj3m1amsp5e85cqnakiqe0cs', '::1', 1570443148, 0x5f5f63695f6c6173745f726567656e65726174657c693a313537303434333134383b757365725f6e616d657c733a353a2273756a6f6e223b757365725f747970657c733a353a2261646d696e223b757365725f706963747572657c733a37343a2275706c6f6164732f757365722f30372d30392d323031392d32363136373032315f3338393034323031343834313433355f333138323036323238313036343834353135395f6e2e6a7067223b64697374726963745f6e616d657c733a31313a224b6973686f726567616e6a223b757365725f7374617475737c733a363a22616374697665223b757365725f69647c733a313a2231223b726567697374657265645f646174657c733a31313a2233302c5365702c32303139223b),
('8lvimcf8hhug0e3kebmfe9j1nk98oic6', '::1', 1570443548, 0x5f5f63695f6c6173745f726567656e65726174657c693a313537303434333534383b757365725f6e616d657c733a353a2273756a6f6e223b757365725f747970657c733a353a2261646d696e223b757365725f706963747572657c733a37343a2275706c6f6164732f757365722f30372d30392d323031392d32363136373032315f3338393034323031343834313433355f333138323036323238313036343834353135395f6e2e6a7067223b64697374726963745f6e616d657c733a31313a224b6973686f726567616e6a223b757365725f7374617475737c733a363a22616374697665223b757365725f69647c733a313a2231223b726567697374657265645f646174657c733a31313a2233302c5365702c32303139223b),
('c5v0s9q0mugupepaak3ff9h4m1h88is7', '::1', 1570445009, 0x5f5f63695f6c6173745f726567656e65726174657c693a313537303434353030393b757365725f6e616d657c733a353a2273756a6f6e223b757365725f747970657c733a353a2261646d696e223b757365725f706963747572657c733a37343a2275706c6f6164732f757365722f30372d30392d323031392d32363136373032315f3338393034323031343834313433355f333138323036323238313036343834353135395f6e2e6a7067223b64697374726963745f6e616d657c733a31313a224b6973686f726567616e6a223b757365725f7374617475737c733a363a22616374697665223b757365725f69647c733a313a2231223b726567697374657265645f646174657c733a31313a2233302c5365702c32303139223b),
('su4du8qesgh9igf7o7re7ombtls3fgv5', '::1', 1570445364, 0x5f5f63695f6c6173745f726567656e65726174657c693a313537303434353336343b757365725f6e616d657c733a353a2273756a6f6e223b757365725f747970657c733a353a2261646d696e223b757365725f706963747572657c733a37343a2275706c6f6164732f757365722f30372d30392d323031392d32363136373032315f3338393034323031343834313433355f333138323036323238313036343834353135395f6e2e6a7067223b64697374726963745f6e616d657c733a31313a224b6973686f726567616e6a223b757365725f7374617475737c733a363a22616374697665223b757365725f69647c733a313a2231223b726567697374657265645f646174657c733a31313a2233302c5365702c32303139223b),
('qi7qd5mv2i2gs2l9c20d3m2a89bdifhk', '::1', 1570445837, 0x5f5f63695f6c6173745f726567656e65726174657c693a313537303434353833373b757365725f6e616d657c733a353a2273756a6f6e223b757365725f747970657c733a353a2261646d696e223b757365725f706963747572657c733a37343a2275706c6f6164732f757365722f30372d30392d323031392d32363136373032315f3338393034323031343834313433355f333138323036323238313036343834353135395f6e2e6a7067223b64697374726963745f6e616d657c733a31313a224b6973686f726567616e6a223b757365725f7374617475737c733a363a22616374697665223b757365725f69647c733a313a2231223b726567697374657265645f646174657c733a31313a2233302c5365702c32303139223b),
('419mo8ks0eolgqj5akck09pl41k5cvb6', '::1', 1570446177, 0x5f5f63695f6c6173745f726567656e65726174657c693a313537303434363137373b757365725f6e616d657c733a353a2273756a6f6e223b757365725f747970657c733a353a2261646d696e223b757365725f706963747572657c733a37343a2275706c6f6164732f757365722f30372d30392d323031392d32363136373032315f3338393034323031343834313433355f333138323036323238313036343834353135395f6e2e6a7067223b64697374726963745f6e616d657c733a31313a224b6973686f726567616e6a223b757365725f7374617475737c733a363a22616374697665223b757365725f69647c733a313a2231223b726567697374657265645f646174657c733a31313a2233302c5365702c32303139223b),
('41nclnug8mnknav9tojvrifca2uombu4', '::1', 1570446497, 0x5f5f63695f6c6173745f726567656e65726174657c693a313537303434363439373b757365725f6e616d657c733a353a2273756a6f6e223b757365725f747970657c733a353a2261646d696e223b757365725f706963747572657c733a37343a2275706c6f6164732f757365722f30372d30392d323031392d32363136373032315f3338393034323031343834313433355f333138323036323238313036343834353135395f6e2e6a7067223b64697374726963745f6e616d657c733a31313a224b6973686f726567616e6a223b757365725f7374617475737c733a363a22616374697665223b757365725f69647c733a313a2231223b726567697374657265645f646174657c733a31313a2233302c5365702c32303139223b),
('11dsbtq0iac639iddfe1bjvr1tbcokm6', '::1', 1570446800, 0x5f5f63695f6c6173745f726567656e65726174657c693a313537303434363830303b757365725f6e616d657c733a353a2273756a6f6e223b757365725f747970657c733a353a2261646d696e223b757365725f706963747572657c733a37343a2275706c6f6164732f757365722f30372d30392d323031392d32363136373032315f3338393034323031343834313433355f333138323036323238313036343834353135395f6e2e6a7067223b64697374726963745f6e616d657c733a31313a224b6973686f726567616e6a223b757365725f7374617475737c733a363a22616374697665223b757365725f69647c733a313a2231223b726567697374657265645f646174657c733a31313a2233302c5365702c32303139223b),
('effm4j6u96do2hhgtv9gksel95uutm4q', '::1', 1570447181, 0x5f5f63695f6c6173745f726567656e65726174657c693a313537303434373138313b757365725f6e616d657c733a353a2273756a6f6e223b757365725f747970657c733a353a2261646d696e223b757365725f706963747572657c733a37343a2275706c6f6164732f757365722f30372d30392d323031392d32363136373032315f3338393034323031343834313433355f333138323036323238313036343834353135395f6e2e6a7067223b64697374726963745f6e616d657c733a31313a224b6973686f726567616e6a223b757365725f7374617475737c733a363a22616374697665223b757365725f69647c733a313a2231223b726567697374657265645f646174657c733a31313a2233302c5365702c32303139223b),
('auep2tkiq72aro0544etlt048bdaihb4', '::1', 1570447322, 0x5f5f63695f6c6173745f726567656e65726174657c693a313537303434373138313b757365725f6e616d657c733a353a2273756a6f6e223b757365725f747970657c733a353a2261646d696e223b757365725f706963747572657c733a37343a2275706c6f6164732f757365722f30372d30392d323031392d32363136373032315f3338393034323031343834313433355f333138323036323238313036343834353135395f6e2e6a7067223b64697374726963745f6e616d657c733a31313a224b6973686f726567616e6a223b757365725f7374617475737c733a363a22616374697665223b757365725f69647c733a313a2231223b726567697374657265645f646174657c733a31313a2233302c5365702c32303139223b),
('kgarlt4iumrggp043s0dp2o4etfnqcc0', '::1', 1570450492, 0x5f5f63695f6c6173745f726567656e65726174657c693a313537303435303439323b),
('gsppr31q7dr0ejtlljrv4sbl18qar35e', '::1', 1570450552, 0x5f5f63695f6c6173745f726567656e65726174657c693a313537303435303439323b757365725f6e616d657c733a31323a22416264757220726f686d616e223b757365725f747970657c733a353a2261646d696e223b757365725f706963747572657c733a303a22223b64697374726963745f6e616d657c733a353a224468616b61223b757365725f7374617475737c733a363a22616374697665223b757365725f69647c733a313a2234223b726567697374657265645f646174657c733a31303a22342c4f63742c32303139223b5f5f63695f766172737c613a313a7b733a373a226d657373616765223b733a333a226f6c64223b7d),
('coune368nlled7tfi8943a2camgh12tn', '::1', 1570451269, 0x5f5f63695f6c6173745f726567656e65726174657c693a313537303435313236393b);
INSERT INTO `ci_sessions` (`id`, `ip_address`, `timestamp`, `data`) VALUES
('qq018v51sgaif10l6ktku6mmjhca0mvj', '::1', 1570597879, 0x5f5f63695f6c6173745f726567656e65726174657c693a313537303539373837393b757365725f6e616d657c733a353a2273756a6f6e223b757365725f747970657c733a353a2261646d696e223b757365725f706963747572657c733a37343a2275706c6f6164732f757365722f30372d30392d323031392d32363136373032315f3338393034323031343834313433355f333138323036323238313036343834353135395f6e2e6a7067223b64697374726963745f6e616d657c733a31313a224b6973686f726567616e6a223b757365725f7374617475737c733a363a22616374697665223b757365725f69647c733a313a2231223b726567697374657265645f646174657c733a31313a2233302c5365702c32303139223b),
('bqohc1s5t25k3vo9bsd3sojq7aq0cki2', '::1', 1570598210, 0x5f5f63695f6c6173745f726567656e65726174657c693a313537303539383231303b757365725f6e616d657c733a353a2273756a6f6e223b757365725f747970657c733a353a2261646d696e223b757365725f706963747572657c733a37343a2275706c6f6164732f757365722f30372d30392d323031392d32363136373032315f3338393034323031343834313433355f333138323036323238313036343834353135395f6e2e6a7067223b64697374726963745f6e616d657c733a31313a224b6973686f726567616e6a223b757365725f7374617475737c733a363a22616374697665223b757365725f69647c733a313a2231223b726567697374657265645f646174657c733a31313a2233302c5365702c32303139223b),
('bfgbopn1e03ldp49p3pa38ec153saafd', '::1', 1570599416, 0x5f5f63695f6c6173745f726567656e65726174657c693a313537303539393431363b757365725f6e616d657c733a353a2273756a6f6e223b757365725f747970657c733a353a2261646d696e223b757365725f706963747572657c733a37343a2275706c6f6164732f757365722f30372d30392d323031392d32363136373032315f3338393034323031343834313433355f333138323036323238313036343834353135395f6e2e6a7067223b64697374726963745f6e616d657c733a31313a224b6973686f726567616e6a223b757365725f7374617475737c733a363a22616374697665223b757365725f69647c733a313a2231223b726567697374657265645f646174657c733a31313a2233302c5365702c32303139223b),
('7s1en9honbpjvns8nng5vdoq9p8totgi', '::1', 1570599738, 0x5f5f63695f6c6173745f726567656e65726174657c693a313537303539393733383b757365725f6e616d657c733a353a2273756a6f6e223b757365725f747970657c733a353a2261646d696e223b757365725f706963747572657c733a37343a2275706c6f6164732f757365722f30372d30392d323031392d32363136373032315f3338393034323031343834313433355f333138323036323238313036343834353135395f6e2e6a7067223b64697374726963745f6e616d657c733a31313a224b6973686f726567616e6a223b757365725f7374617475737c733a363a22616374697665223b757365725f69647c733a313a2231223b726567697374657265645f646174657c733a31313a2233302c5365702c32303139223b),
('sj4p5p1ekh3jc19gd0aofmh27bsm2kda', '::1', 1570599738, 0x5f5f63695f6c6173745f726567656e65726174657c693a313537303539393733383b757365725f6e616d657c733a353a2273756a6f6e223b757365725f747970657c733a353a2261646d696e223b757365725f706963747572657c733a37343a2275706c6f6164732f757365722f30372d30392d323031392d32363136373032315f3338393034323031343834313433355f333138323036323238313036343834353135395f6e2e6a7067223b64697374726963745f6e616d657c733a31313a224b6973686f726567616e6a223b757365725f7374617475737c733a363a22616374697665223b757365725f69647c733a313a2231223b726567697374657265645f646174657c733a31313a2233302c5365702c32303139223b),
('dtslbo5cthd4unj6tt16glejhfh2jgn3', '::1', 1570618662, 0x5f5f63695f6c6173745f726567656e65726174657c693a313537303631383634303b),
('fqq2hjm30aj1coms2tq8p75fulg8r1is', '::1', 1571053259, 0x5f5f63695f6c6173745f726567656e65726174657c693a313537313035333235393b757365725f6e616d657c733a31303a2269736f6c7574696f6e73223b757365725f747970657c733a31323a226f66666963652d7374616666223b757365725f706963747572657c733a34313a2275706c6f6164732f757365722f30352d30392d323031392d66696e616c20636172642e61692e706e67223b64697374726963745f6e616d657c733a31303a224d756e73686967616e6a223b757365725f7374617475737c733a363a22616374697665223b757365725f69647c733a313a2232223b726567697374657265645f646174657c733a31303a22322c4f63742c32303139223b5f5f63695f766172737c613a313a7b733a373a226d657373616765223b733a333a226f6c64223b7d),
('be9cu78hlgr61l3fli25rsq22nduc3ae', '::1', 1571054781, 0x5f5f63695f6c6173745f726567656e65726174657c693a313537313035343738313b757365725f6e616d657c733a31303a2269736f6c7574696f6e73223b757365725f747970657c733a31323a226f66666963652d7374616666223b757365725f706963747572657c733a34313a2275706c6f6164732f757365722f30352d30392d323031392d66696e616c20636172642e61692e706e67223b64697374726963745f6e616d657c733a31303a224d756e73686967616e6a223b757365725f7374617475737c733a363a22616374697665223b757365725f69647c733a313a2232223b726567697374657265645f646174657c733a31303a22322c4f63742c32303139223b5f5f63695f766172737c613a313a7b733a373a226d657373616765223b733a333a226f6c64223b7d),
('bqkckpr5uhc588cmc0ndl1vuulb3n6v2', '::1', 1571055201, 0x5f5f63695f6c6173745f726567656e65726174657c693a313537313035353230313b757365725f6e616d657c733a31303a2269736f6c7574696f6e73223b757365725f747970657c733a31323a226f66666963652d7374616666223b757365725f706963747572657c733a34313a2275706c6f6164732f757365722f30352d30392d323031392d66696e616c20636172642e61692e706e67223b64697374726963745f6e616d657c733a31303a224d756e73686967616e6a223b757365725f7374617475737c733a363a22616374697665223b757365725f69647c733a313a2232223b726567697374657265645f646174657c733a31303a22322c4f63742c32303139223b),
('7lhabivh7naak0u9bpss1ea7c6bm7bjb', '::1', 1571055507, 0x5f5f63695f6c6173745f726567656e65726174657c693a313537313035353530373b757365725f6e616d657c733a31303a2269736f6c7574696f6e73223b757365725f747970657c733a31323a226f66666963652d7374616666223b757365725f706963747572657c733a34313a2275706c6f6164732f757365722f30352d30392d323031392d66696e616c20636172642e61692e706e67223b64697374726963745f6e616d657c733a31303a224d756e73686967616e6a223b757365725f7374617475737c733a363a22616374697665223b757365725f69647c733a313a2232223b726567697374657265645f646174657c733a31303a22322c4f63742c32303139223b),
('bk29tt12f1g33hq0b3k8v9oodt17b3pp', '::1', 1571055814, 0x5f5f63695f6c6173745f726567656e65726174657c693a313537313035353831343b757365725f6e616d657c733a31303a2269736f6c7574696f6e73223b757365725f747970657c733a31323a226f66666963652d7374616666223b757365725f706963747572657c733a34313a2275706c6f6164732f757365722f30352d30392d323031392d66696e616c20636172642e61692e706e67223b64697374726963745f6e616d657c733a31303a224d756e73686967616e6a223b757365725f7374617475737c733a363a22616374697665223b757365725f69647c733a313a2232223b726567697374657265645f646174657c733a31303a22322c4f63742c32303139223b5f5f63695f766172737c613a313a7b733a373a226d657373616765223b733a333a226f6c64223b7d),
('sntir07kts8qhdcs1nvaj1pkls5du8ml', '::1', 1571057050, 0x5f5f63695f6c6173745f726567656e65726174657c693a313537313035373035303b757365725f6e616d657c733a31303a2269736f6c7574696f6e73223b757365725f747970657c733a31323a226f66666963652d7374616666223b757365725f706963747572657c733a34313a2275706c6f6164732f757365722f30352d30392d323031392d66696e616c20636172642e61692e706e67223b64697374726963745f6e616d657c733a31303a224d756e73686967616e6a223b757365725f7374617475737c733a363a22616374697665223b757365725f69647c733a313a2232223b726567697374657265645f646174657c733a31303a22322c4f63742c32303139223b),
('0v55i7ml64iftlaf873re8fnfm578m8l', '::1', 1571057079, 0x5f5f63695f6c6173745f726567656e65726174657c693a313537313035373035303b757365725f6e616d657c733a31323a22416264757220726f686d616e223b757365725f747970657c733a353a2261646d696e223b757365725f706963747572657c733a303a22223b64697374726963745f6e616d657c733a353a224468616b61223b757365725f69647c733a313a2234223b726567697374657265645f646174657c733a31303a22342c4f63742c32303139223b757365725f7374617475737c733a363a22616374697665223b),
('sqji6np2la4vodk8q7am8fbu59bnehs6', '::1', 1571115174, 0x5f5f63695f6c6173745f726567656e65726174657c693a313537313131353137333b),
('ci5kn4bk7rp3q2iofhb3sca8ekkcjdti', '::1', 1571222747, 0x5f5f63695f6c6173745f726567656e65726174657c693a313537313232323734373b),
('ie9c6crr2q9akumj02rvt9v85dudbfr0', '::1', 1572000645, 0x5f5f63695f6c6173745f726567656e65726174657c693a313537323030303634353b757365725f6e616d657c733a31323a22416264757220726f686d616e223b757365725f747970657c733a353a2261646d696e223b757365725f706963747572657c733a303a22223b64697374726963745f6e616d657c733a353a224468616b61223b757365725f7374617475737c733a363a22616374697665223b757365725f69647c733a313a2234223b726567697374657265645f646174657c733a31303a22342c4f63742c32303139223b),
('9b79cnm1lurmb396m3a68h9dcsg09425', '::1', 1572000971, 0x5f5f63695f6c6173745f726567656e65726174657c693a313537323030303937313b757365725f6e616d657c733a31323a22416264757220726f686d616e223b757365725f747970657c733a353a2261646d696e223b757365725f706963747572657c733a303a22223b64697374726963745f6e616d657c733a353a224468616b61223b757365725f7374617475737c733a363a22616374697665223b757365725f69647c733a313a2234223b726567697374657265645f646174657c733a31303a22342c4f63742c32303139223b),
('d4qk6ubjjnn3vp288uqo6cg3l66otq7c', '::1', 1572001411, 0x5f5f63695f6c6173745f726567656e65726174657c693a313537323030313431313b757365725f6e616d657c733a31323a22416264757220726f686d616e223b757365725f747970657c733a353a2261646d696e223b757365725f706963747572657c733a303a22223b64697374726963745f6e616d657c733a353a224468616b61223b757365725f7374617475737c733a363a22616374697665223b757365725f69647c733a313a2234223b726567697374657265645f646174657c733a31303a22342c4f63742c32303139223b),
('hkbgr9t5uo8mt941a120sitfge4d62kh', '::1', 1572001685, 0x5f5f63695f6c6173745f726567656e65726174657c693a313537323030313431313b757365725f6e616d657c733a31323a22416264757220726f686d616e223b757365725f747970657c733a353a2261646d696e223b757365725f706963747572657c733a303a22223b64697374726963745f6e616d657c733a353a224468616b61223b757365725f7374617475737c733a363a22616374697665223b757365725f69647c733a313a2234223b726567697374657265645f646174657c733a31303a22342c4f63742c32303139223b),
('kpedmivqdcs30e9hgm5pfqoo3r0345de', '::1', 1572001729, 0x5f5f63695f6c6173745f726567656e65726174657c693a313537323030313639363b),
('v61idoa9ubdkjg6ke37kh107jq712lmj', '::1', 1572002097, 0x5f5f63695f6c6173745f726567656e65726174657c693a313537323030323039373b757365725f6e616d657c733a31323a22416264757220726f686d616e223b757365725f747970657c733a353a2261646d696e223b757365725f706963747572657c733a33313a2275706c6f6164732f757365722f32352d31302d323031392d732d312e6a7067223b64697374726963745f6e616d657c733a353a224468616b61223b757365725f69647c733a313a2234223b726567697374657265645f646174657c733a31313a2232352c4f63742c32303139223b757365725f7374617475737c733a363a22616374697665223b),
('62cjcg21ecitgadod675btc5cusua350', '::1', 1572002886, 0x5f5f63695f6c6173745f726567656e65726174657c693a313537323030323838363b757365725f6e616d657c733a31323a22416264757220726f686d616e223b757365725f747970657c733a353a2261646d696e223b757365725f706963747572657c733a33313a2275706c6f6164732f757365722f32352d31302d323031392d732d312e6a7067223b64697374726963745f6e616d657c733a353a224468616b61223b757365725f69647c733a313a2234223b726567697374657265645f646174657c733a31313a2232352c4f63742c32303139223b757365725f7374617475737c733a363a22616374697665223b),
('h09bsna0q77fkd82bci3jnnjr5g7kce1', '::1', 1572005173, 0x5f5f63695f6c6173745f726567656e65726174657c693a313537323030353137333b757365725f6e616d657c733a31323a22416264757220726f686d616e223b757365725f747970657c733a353a2261646d696e223b757365725f706963747572657c733a33313a2275706c6f6164732f757365722f32352d31302d323031392d732d312e6a7067223b64697374726963745f6e616d657c733a353a224468616b61223b757365725f69647c733a313a2234223b726567697374657265645f646174657c733a31313a2232352c4f63742c32303139223b757365725f7374617475737c733a363a22616374697665223b),
('nb8fl5scj91aihra35tpjbug7o5jfv3i', '::1', 1572005581, 0x5f5f63695f6c6173745f726567656e65726174657c693a313537323030353538313b757365725f6e616d657c733a31323a22416264757220726f686d616e223b757365725f747970657c733a353a2261646d696e223b757365725f706963747572657c733a33313a2275706c6f6164732f757365722f32352d31302d323031392d732d312e6a7067223b64697374726963745f6e616d657c733a353a224468616b61223b757365725f69647c733a313a2234223b726567697374657265645f646174657c733a31313a2232352c4f63742c32303139223b757365725f7374617475737c733a363a22616374697665223b),
('bbu3d73gp2pntuo6j78ebnusu4qv5sdk', '::1', 1572005926, 0x5f5f63695f6c6173745f726567656e65726174657c693a313537323030353932363b757365725f6e616d657c733a31323a22416264757220726f686d616e223b757365725f747970657c733a353a2261646d696e223b757365725f706963747572657c733a33313a2275706c6f6164732f757365722f32352d31302d323031392d732d312e6a7067223b64697374726963745f6e616d657c733a353a224468616b61223b757365725f69647c733a313a2234223b726567697374657265645f646174657c733a31313a2232352c4f63742c32303139223b757365725f7374617475737c733a363a22616374697665223b5f5f63695f766172737c613a313a7b733a373a226d657373616765223b733a333a226f6c64223b7d),
('4lscnsme3lt9jfl60pbdhgs4pkc5mcfr', '::1', 1572006255, 0x5f5f63695f6c6173745f726567656e65726174657c693a313537323030363235353b757365725f6e616d657c733a31323a22416264757220726f686d616e223b757365725f747970657c733a353a2261646d696e223b757365725f706963747572657c733a33313a2275706c6f6164732f757365722f32352d31302d323031392d732d312e6a7067223b64697374726963745f6e616d657c733a353a224468616b61223b757365725f69647c733a313a2234223b726567697374657265645f646174657c733a31313a2232352c4f63742c32303139223b757365725f7374617475737c733a363a22616374697665223b),
('dm6g2v3aa20rm1vlk7v4tubo9f3u7d0l', '::1', 1572006824, 0x5f5f63695f6c6173745f726567656e65726174657c693a313537323030363832343b757365725f6e616d657c733a31323a22416264757220726f686d616e223b757365725f747970657c733a353a2261646d696e223b757365725f706963747572657c733a33313a2275706c6f6164732f757365722f32352d31302d323031392d732d312e6a7067223b64697374726963745f6e616d657c733a353a224468616b61223b757365725f69647c733a313a2234223b726567697374657265645f646174657c733a31313a2232352c4f63742c32303139223b757365725f7374617475737c733a363a22616374697665223b),
('g9buu1os96qkb74ejkj7jb9s7hpb70e6', '::1', 1572007157, 0x5f5f63695f6c6173745f726567656e65726174657c693a313537323030373135373b757365725f6e616d657c733a31323a22416264757220726f686d616e223b757365725f747970657c733a353a2261646d696e223b757365725f706963747572657c733a33313a2275706c6f6164732f757365722f32352d31302d323031392d732d312e6a7067223b64697374726963745f6e616d657c733a353a224468616b61223b757365725f69647c733a313a2234223b726567697374657265645f646174657c733a31313a2232352c4f63742c32303139223b757365725f7374617475737c733a363a22616374697665223b),
('s0f0oh8tc13jl79bo5e5nrlid2n1v6ct', '::1', 1572007460, 0x5f5f63695f6c6173745f726567656e65726174657c693a313537323030373436303b757365725f6e616d657c733a31323a22416264757220726f686d616e223b757365725f747970657c733a353a2261646d696e223b757365725f706963747572657c733a33313a2275706c6f6164732f757365722f32352d31302d323031392d732d312e6a7067223b64697374726963745f6e616d657c733a353a224468616b61223b757365725f69647c733a313a2234223b726567697374657265645f646174657c733a31313a2232352c4f63742c32303139223b6d725f6e756d6265727c733a323a223131223b6e6f5f6e756d6265727c733a323a223131223b),
('7uuahgpd3ofbqn5mjra8lela9lecbud5', '::1', 1572007471, 0x5f5f63695f6c6173745f726567656e65726174657c693a313537323030373436303b757365725f6e616d657c733a31323a22416264757220726f686d616e223b757365725f747970657c733a353a2261646d696e223b757365725f706963747572657c733a33313a2275706c6f6164732f757365722f32352d31302d323031392d732d312e6a7067223b64697374726963745f6e616d657c733a353a224468616b61223b757365725f69647c733a313a2234223b726567697374657265645f646174657c733a31313a2232352c4f63742c32303139223b6d725f6e756d6265727c733a323a223133223b6e6f5f6e756d6265727c733a323a223131223b757365725f7374617475737c733a363a22616374697665223b),
('se93v9grtf6fms8vqhqi2qhuckol03oe', '::1', 1572064154, 0x5f5f63695f6c6173745f726567656e65726174657c693a313537323036343135343b757365725f6e616d657c733a31323a22416264757220726f686d616e223b757365725f747970657c733a353a2261646d696e223b757365725f706963747572657c733a33313a2275706c6f6164732f757365722f32352d31302d323031392d732d312e6a7067223b64697374726963745f6e616d657c733a353a224468616b61223b757365725f7374617475737c733a363a22616374697665223b757365725f69647c733a313a2234223b6d725f6e756d6265727c733a323a223133223b6e6f5f6e756d6265727c733a323a223131223b726567697374657265645f646174657c733a31313a2232352c4f63742c32303139223b),
('ij806h4c9dgq5uidsrkn2cmgmki37set', '::1', 1572064507, 0x5f5f63695f6c6173745f726567656e65726174657c693a313537323036343530373b757365725f6e616d657c733a31323a22416264757220726f686d616e223b757365725f747970657c733a353a2261646d696e223b757365725f706963747572657c733a33313a2275706c6f6164732f757365722f32352d31302d323031392d732d312e6a7067223b64697374726963745f6e616d657c733a353a224468616b61223b757365725f7374617475737c733a363a22616374697665223b757365725f69647c733a313a2234223b6d725f6e756d6265727c733a323a223133223b6e6f5f6e756d6265727c733a323a223131223b726567697374657265645f646174657c733a31313a2232352c4f63742c32303139223b),
('bh0cf6rlcscnafv5ba5egamrvtb4rpcu', '::1', 1572064835, 0x5f5f63695f6c6173745f726567656e65726174657c693a313537323036343833353b757365725f6e616d657c733a31323a22416264757220726f686d616e223b757365725f747970657c733a353a2261646d696e223b757365725f706963747572657c733a33313a2275706c6f6164732f757365722f32352d31302d323031392d732d312e6a7067223b64697374726963745f6e616d657c733a353a224468616b61223b757365725f7374617475737c733a363a22616374697665223b757365725f69647c733a313a2234223b6d725f6e756d6265727c733a323a223133223b6e6f5f6e756d6265727c733a323a223131223b726567697374657265645f646174657c733a31313a2232352c4f63742c32303139223b),
('90rq9b0ur9180tlt6v8btfpdc3jed3ss', '::1', 1572065149, 0x5f5f63695f6c6173745f726567656e65726174657c693a313537323036353134393b757365725f6e616d657c733a31323a22416264757220726f686d616e223b757365725f747970657c733a353a2261646d696e223b757365725f706963747572657c733a33313a2275706c6f6164732f757365722f32352d31302d323031392d732d312e6a7067223b64697374726963745f6e616d657c733a353a224468616b61223b757365725f7374617475737c733a363a22616374697665223b757365725f69647c733a313a2234223b6d725f6e756d6265727c733a323a223133223b6e6f5f6e756d6265727c733a323a223131223b726567697374657265645f646174657c733a31313a2232352c4f63742c32303139223b),
('n3i8jo4tofgo42botkn146ubsm7nuha3', '::1', 1572065831, 0x5f5f63695f6c6173745f726567656e65726174657c693a313537323036353833313b757365725f6e616d657c733a31323a22416264757220726f686d616e223b757365725f747970657c733a353a2261646d696e223b757365725f706963747572657c733a33313a2275706c6f6164732f757365722f32352d31302d323031392d732d312e6a7067223b64697374726963745f6e616d657c733a353a224468616b61223b757365725f7374617475737c733a363a22616374697665223b757365725f69647c733a313a2234223b6d725f6e756d6265727c733a323a223133223b6e6f5f6e756d6265727c733a323a223131223b726567697374657265645f646174657c733a31313a2232352c4f63742c32303139223b),
('0d1rkstnnasd7eds77cunr9kjhll73co', '::1', 1572066135, 0x5f5f63695f6c6173745f726567656e65726174657c693a313537323036363133353b757365725f6e616d657c733a31323a22416264757220726f686d616e223b757365725f747970657c733a353a2261646d696e223b757365725f706963747572657c733a33313a2275706c6f6164732f757365722f32352d31302d323031392d732d312e6a7067223b64697374726963745f6e616d657c733a353a224468616b61223b757365725f7374617475737c733a363a22616374697665223b757365725f69647c733a313a2234223b6d725f6e756d6265727c733a323a223133223b6e6f5f6e756d6265727c733a323a223131223b726567697374657265645f646174657c733a31313a2232352c4f63742c32303139223b),
('6iosgcr3ukco69uaq7pe1e72ih15r1nf', '::1', 1572066442, 0x5f5f63695f6c6173745f726567656e65726174657c693a313537323036363434323b757365725f6e616d657c733a31323a22416264757220726f686d616e223b757365725f747970657c733a353a2261646d696e223b757365725f706963747572657c733a33313a2275706c6f6164732f757365722f32352d31302d323031392d732d312e6a7067223b64697374726963745f6e616d657c733a353a224468616b61223b757365725f7374617475737c733a363a22616374697665223b757365725f69647c733a313a2234223b6d725f6e756d6265727c733a323a223133223b6e6f5f6e756d6265727c733a323a223131223b726567697374657265645f646174657c733a31313a2232352c4f63742c32303139223b),
('0vdofoggb56dsi0bvslogjeeoa4pqvn7', '::1', 1572066755, 0x5f5f63695f6c6173745f726567656e65726174657c693a313537323036363735353b757365725f6e616d657c733a31323a22416264757220726f686d616e223b757365725f747970657c733a353a2261646d696e223b757365725f706963747572657c733a33313a2275706c6f6164732f757365722f32352d31302d323031392d732d312e6a7067223b64697374726963745f6e616d657c733a353a224468616b61223b757365725f7374617475737c733a363a22616374697665223b757365725f69647c733a313a2234223b6d725f6e756d6265727c733a323a223133223b6e6f5f6e756d6265727c733a323a223131223b726567697374657265645f646174657c733a31313a2232352c4f63742c32303139223b),
('sap9ii8t301amrrq22s8pth458un357d', '::1', 1572067085, 0x5f5f63695f6c6173745f726567656e65726174657c693a313537323036373038353b757365725f6e616d657c733a31323a22416264757220726f686d616e223b757365725f747970657c733a353a2261646d696e223b757365725f706963747572657c733a33313a2275706c6f6164732f757365722f32352d31302d323031392d732d312e6a7067223b64697374726963745f6e616d657c733a353a224468616b61223b757365725f7374617475737c733a363a22616374697665223b757365725f69647c733a313a2234223b6d725f6e756d6265727c733a323a223133223b6e6f5f6e756d6265727c733a323a223131223b726567697374657265645f646174657c733a31313a2232352c4f63742c32303139223b),
('au09d0o95ts7f37q3chrj1f068tv21c2', '::1', 1572067397, 0x5f5f63695f6c6173745f726567656e65726174657c693a313537323036373339373b757365725f6e616d657c733a31323a22416264757220726f686d616e223b757365725f747970657c733a353a2261646d696e223b757365725f706963747572657c733a33313a2275706c6f6164732f757365722f32352d31302d323031392d732d312e6a7067223b64697374726963745f6e616d657c733a353a224468616b61223b757365725f7374617475737c733a363a22616374697665223b757365725f69647c733a313a2234223b6d725f6e756d6265727c733a323a223133223b6e6f5f6e756d6265727c733a323a223131223b726567697374657265645f646174657c733a31313a2232352c4f63742c32303139223b),
('uf4amhs37ajsve3g4mbug2u8mdqi6v93', '::1', 1572067401, 0x5f5f63695f6c6173745f726567656e65726174657c693a313537323036373339373b757365725f6e616d657c733a31323a22416264757220726f686d616e223b757365725f747970657c733a353a2261646d696e223b757365725f706963747572657c733a33313a2275706c6f6164732f757365722f32352d31302d323031392d732d312e6a7067223b64697374726963745f6e616d657c733a353a224468616b61223b757365725f7374617475737c733a363a22616374697665223b757365725f69647c733a313a2234223b6d725f6e756d6265727c733a323a223133223b6e6f5f6e756d6265727c733a323a223131223b726567697374657265645f646174657c733a31313a2232352c4f63742c32303139223b),
('4uv9j7eoam6tqhssubapjkh0bldf85b3', '127.0.0.1', 1573713662, 0x5f5f63695f6c6173745f726567656e65726174657c693a313537333731333539303b757365725f6e616d657c733a31323a22416264757220726f686d616e223b757365725f747970657c733a353a2261646d696e223b757365725f706963747572657c733a33313a2275706c6f6164732f757365722f32352d31302d323031392d732d312e6a7067223b64697374726963745f6e616d657c733a353a224468616b61223b757365725f69647c733a313a2234223b6d725f6e756d6265727c733a323a223133223b6e6f5f6e756d6265727c733a323a223131223b726567697374657265645f646174657c733a31313a2232352c4f63742c32303139223b757365725f7374617475737c733a363a22616374697665223b);

-- --------------------------------------------------------

--
-- Table structure for table `districts`
--

CREATE TABLE `districts` (
  `id` int(2) UNSIGNED NOT NULL,
  `division_id` int(2) UNSIGNED NOT NULL,
  `name` varchar(30) NOT NULL,
  `bn_name` varchar(50) NOT NULL,
  `lat` double NOT NULL,
  `lon` double NOT NULL,
  `website` varchar(100) NOT NULL
) ENGINE=InnoDB DEFAULT CHARSET=utf8;

--
-- Dumping data for table `districts`
--

INSERT INTO `districts` (`id`, `division_id`, `name`, `bn_name`, `lat`, `lon`, `website`) VALUES
(1, 3, 'Dhaka', '', 23.7115253, 90.4111451, 'www.dhaka.gov.bd'),
(2, 3, 'Faridpur', '', 23.6070822, 89.8429406, 'www.faridpur.gov.bd'),
(3, 3, 'Gazipur', '', 24.0022858, 90.4264283, 'www.gazipur.gov.bd'),
(4, 3, 'Gopalganj', '', 23.0050857, 89.8266059, 'www.gopalganj.gov.bd'),
(5, 8, 'Jamalpur', '', 24.937533, 89.937775, 'www.jamalpur.gov.bd'),
(6, 3, 'Kishoreganj', '', 24.444937, 90.776575, 'www.kishoreganj.gov.bd'),
(7, 3, 'Madaripur', '', 23.164102, 90.1896805, 'www.madaripur.gov.bd'),
(8, 3, 'Manikganj', '', 0, 0, 'www.manikganj.gov.bd'),
(9, 3, 'Munshiganj', '', 0, 0, 'www.munshiganj.gov.bd'),
(10, 8, 'Mymensingh', '', 0, 0, 'www.mymensingh.gov.bd'),
(11, 3, 'Narayanganj', '', 23.63366, 90.496482, 'www.narayanganj.gov.bd'),
(12, 3, 'Narsingdi', '', 23.932233, 90.71541, 'www.narsingdi.gov.bd'),
(13, 8, 'Netrokona', '', 24.870955, 90.727887, 'www.netrokona.gov.bd'),
(14, 3, 'Rajbari', '', 23.7574305, 89.6444665, 'www.rajbari.gov.bd'),
(15, 3, 'Shariatpur', '', 0, 0, 'www.shariatpur.gov.bd'),
(16, 8, 'Sherpur', '', 25.0204933, 90.0152966, 'www.sherpur.gov.bd'),
(17, 3, 'Tangail', '', 0, 0, 'www.tangail.gov.bd'),
(18, 5, 'Bogura', '', 24.8465228, 89.377755, 'www.bogra.gov.bd'),
(19, 5, 'Joypurhat', '', 0, 0, 'www.joypurhat.gov.bd'),
(20, 5, 'Naogaon', '', 0, 0, 'www.naogaon.gov.bd'),
(21, 5, 'Natore', '', 24.420556, 89.000282, 'www.natore.gov.bd'),
(22, 5, 'Chapainawabganj', '', 24.5965034, 88.2775122, 'www.chapainawabganj.gov.bd'),
(23, 5, 'Pabna', '', 23.998524, 89.233645, 'www.pabna.gov.bd'),
(24, 5, 'Rajshahi', '', 0, 0, 'www.rajshahi.gov.bd'),
(25, 5, 'Sirajgonj', '', 24.4533978, 89.7006815, 'www.sirajganj.gov.bd'),
(26, 6, 'Dinajpur', '', 25.6217061, 88.6354504, 'www.dinajpur.gov.bd'),
(27, 6, 'Gaibandha', '', 25.328751, 89.528088, 'www.gaibandha.gov.bd'),
(28, 6, 'Kurigram', '', 25.805445, 89.636174, 'www.kurigram.gov.bd'),
(29, 6, 'Lalmonirhat', '', 0, 0, 'www.lalmonirhat.gov.bd'),
(30, 6, 'Nilphamari', '', 25.931794, 88.856006, 'www.nilphamari.gov.bd'),
(31, 6, 'Panchagarh', '', 26.3411, 88.5541606, 'www.panchagarh.gov.bd'),
(32, 6, 'Rangpur', '', 25.7558096, 89.244462, 'www.rangpur.gov.bd'),
(33, 6, 'Thakurgaon', '', 26.0336945, 88.4616834, 'www.thakurgaon.gov.bd'),
(34, 1, 'Barguna', '', 0, 0, 'www.barguna.gov.bd'),
(35, 1, 'Barishal', '', 0, 0, 'www.barisal.gov.bd'),
(36, 1, 'Bhola', '', 22.685923, 90.648179, 'www.bhola.gov.bd'),
(37, 1, 'Jhalokati', '', 0, 0, 'www.jhalakathi.gov.bd'),
(38, 1, 'Patuakhali', '', 22.3596316, 90.3298712, 'www.patuakhali.gov.bd'),
(39, 1, 'Pirojpur', '', 0, 0, 'www.pirojpur.gov.bd'),
(40, 2, 'Bandarban', '', 22.1953275, 92.2183773, 'www.bandarban.gov.bd'),
(41, 2, 'Brahmanbaria', '', 23.9570904, 91.1119286, 'www.brahmanbaria.gov.bd'),
(42, 2, 'Chandpur', '', 23.2332585, 90.6712912, 'www.chandpur.gov.bd'),
(43, 2, 'Chattogram', '', 22.335109, 91.834073, 'www.chittagong.gov.bd'),
(44, 2, 'Cumilla', '', 23.4682747, 91.1788135, 'www.comilla.gov.bd'),
(45, 2, 'Cox\'s Bazar', ' ', 0, 0, 'www.coxsbazar.gov.bd'),
(46, 2, 'Feni', '', 23.023231, 91.3840844, 'www.feni.gov.bd'),
(47, 2, 'Khagrachhari', '', 23.119285, 91.984663, 'www.khagrachhari.gov.bd'),
(48, 2, 'Lakshmipur', '', 22.942477, 90.841184, 'www.lakshmipur.gov.bd'),
(49, 2, 'Noakhali', '', 22.869563, 91.099398, 'www.noakhali.gov.bd'),
(50, 2, 'Rangamati', '', 0, 0, 'www.rangamati.gov.bd'),
(51, 7, 'Habiganj', '', 24.374945, 91.41553, 'www.habiganj.gov.bd'),
(52, 7, 'Moulvibazar', '', 24.482934, 91.777417, 'www.moulvibazar.gov.bd'),
(53, 7, 'Sunamganj', '', 25.0658042, 91.3950115, 'www.sunamganj.gov.bd'),
(54, 7, 'Sylhet', '', 24.8897956, 91.8697894, 'www.sylhet.gov.bd'),
(55, 4, 'Bagerhat', '', 22.651568, 89.785938, 'www.bagerhat.gov.bd'),
(56, 4, 'Chuadanga', '', 23.6401961, 88.841841, 'www.chuadanga.gov.bd'),
(57, 4, 'Jashore', '', 23.16643, 89.2081126, 'www.jessore.gov.bd'),
(58, 4, 'Jhenaidah', '', 23.5448176, 89.1539213, 'www.jhenaidah.gov.bd'),
(59, 4, 'Khulna', '', 22.815774, 89.568679, 'www.khulna.gov.bd'),
(60, 4, 'Kushtia', '', 23.901258, 89.120482, 'www.kushtia.gov.bd'),
(61, 4, 'Magura', '', 23.487337, 89.419956, 'www.magura.gov.bd'),
(62, 4, 'Meherpur', '', 23.762213, 88.631821, 'www.meherpur.gov.bd'),
(63, 4, 'Narail', '', 23.172534, 89.512672, 'www.narail.gov.bd'),
(64, 4, 'Satkhira', '', 0, 0, 'www.satkhira.gov.bd');

-- --------------------------------------------------------

--
-- Table structure for table `divisions`
--

CREATE TABLE `divisions` (
  `id` int(2) UNSIGNED NOT NULL,
  `name` varchar(30) NOT NULL,
  `bn_name` varchar(50) NOT NULL
) ENGINE=InnoDB DEFAULT CHARSET=utf8;

--
-- Dumping data for table `divisions`
--

INSERT INTO `divisions` (`id`, `name`, `bn_name`) VALUES
(1, 'Barishal', ''),
(2, 'Chattogram', ''),
(3, 'Dhaka', ''),
(4, 'Khulna', ''),
(5, 'Rajshahi', ''),
(6, 'Rangpur', ''),
(7, 'Sylhet', ''),
(8, 'Mymensingh', '');

-- --------------------------------------------------------

--
-- Table structure for table `insurence_data`
--

CREATE TABLE `insurence_data` (
  `insurence_data_id` int(11) NOT NULL,
  `user_id` int(15) NOT NULL,
  `insurence_data_no` varchar(250) NOT NULL,
  `insurence_data_thaird_party` varchar(250) NOT NULL,
  `insurence_data_compensive` varchar(250) NOT NULL,
  `insurence_data_value_taka` varchar(250) NOT NULL,
  `customer_name` varchar(250) NOT NULL,
  `customer_address` varchar(250) NOT NULL,
  `insurence_data_certificate` varchar(250) NOT NULL,
  `insurence_data_vehicle_mark_number` varchar(250) NOT NULL,
  `insurence_data_engine_number` varchar(250) NOT NULL,
  `insurence_data_chasis_number` varchar(250) NOT NULL,
  `insurence_data_make_model_carrying_number` varchar(250) NOT NULL,
  `insurence_data_act_first_date` date NOT NULL,
  `insurence_data_act_last_date` date NOT NULL,
  `insurence_data_entitle_drive` varchar(250) NOT NULL,
  `insurence_data_mr_number` varchar(250) NOT NULL,
  `insurence_data_date` date NOT NULL,
  `insurence_data_primiam_price` varchar(50) NOT NULL,
  `insurence_data_less_percent` int(11) NOT NULL,
  `insurence_data_percent_money` varchar(250) NOT NULL,
  `insurence_data_total_until_passenger` varchar(100) NOT NULL,
  `insurence_data_passenger_price` varchar(250) NOT NULL,
  `insurence_data_driver_price` varchar(250) NOT NULL,
  `insurence_data_sub_total_price` varchar(250) NOT NULL,
  `insurence_data_total_vat` varchar(250) NOT NULL,
  `insurence_data_total_money` varchar(250) NOT NULL,
  `created_date` date NOT NULL,
  `customer_mobile` varchar(250) NOT NULL,
  `customer_refence` varchar(250) NOT NULL,
  `insurence_data_passenger_plus` varchar(250) NOT NULL,
  `insurence_data_notice_date` varchar(250) NOT NULL,
  `insurence_data_notification_active` int(11) NOT NULL DEFAULT 1
) ENGINE=InnoDB DEFAULT CHARSET=utf8;

--
-- Dumping data for table `insurence_data`
--

INSERT INTO `insurence_data` (`insurence_data_id`, `user_id`, `insurence_data_no`, `insurence_data_thaird_party`, `insurence_data_compensive`, `insurence_data_value_taka`, `customer_name`, `customer_address`, `insurence_data_certificate`, `insurence_data_vehicle_mark_number`, `insurence_data_engine_number`, `insurence_data_chasis_number`, `insurence_data_make_model_carrying_number`, `insurence_data_act_first_date`, `insurence_data_act_last_date`, `insurence_data_entitle_drive`, `insurence_data_mr_number`, `insurence_data_date`, `insurence_data_primiam_price`, `insurence_data_less_percent`, `insurence_data_percent_money`, `insurence_data_total_until_passenger`, `insurence_data_passenger_price`, `insurence_data_driver_price`, `insurence_data_sub_total_price`, `insurence_data_total_vat`, `insurence_data_total_money`, `created_date`, `customer_mobile`, `customer_refence`, `insurence_data_passenger_plus`, `insurence_data_notice_date`, `insurence_data_notification_active`) VALUES
(70, 1, '19570', 'thirparthy ok', '', '', 'Shahinul islam', 'Dhaka 1215, mirpu Section 2, 10/12.', 'BCI/Kishoreganj/MV(PV)/CERT-0000/10/2019', 'DHAKA METRO-GA-00-0000', '46546 suzon', '36573', 'MODEL-0000,C,C-0000, SEAT 05', '2019-09-10', '2020-08-10', '', '3001', '2019-09-10', '500.00', 11, '55.00', '445.00', '180.00', '30.00', '655.00', '98.00', '753.00', '2019-10-09', '01738305670', 'sumon', '', '2020-09-09', 0),
(71, 2, '19570', '', '', '', '', '', 'BCI/Munshiganj/MV(PV)/CERT-0000/10/2019', 'DHAKA METRO-GA-00-0000', '', '', 'MODEL-0000,C,C-0000, SEAT - 00', '1970-01-01', '1970-01-01', '', '3001', '1970-01-01', '', 0, '', '', '', '30.00', '', '', '', '2019-10-14', '', '', '', '2020-09-14', 1),
(72, 2, '19570', '', '', '', '', '', 'BCI/Munshiganj/MV(PV)/CERT-0000/10/2019', 'DHAKA METRO-GA-00-0000', '', '', 'MODEL-0000,C,C-0000, SEAT - 00', '1970-01-01', '1970-01-01', '', '3001', '1970-01-01', '', 0, '', '', '', '30.00', '', '', '', '2019-10-14', '', '', '', '2020-09-14', 1),
(73, 2, '19570', '', '', '', '', '', 'BCI/Munshiganj/MV(PV)/CERT-0000/10/2019', 'DHAKA METRO-GA-00-0000', '', '', 'MODEL-0000,C,C-0000, SEAT - 00', '1970-01-01', '1970-01-01', '', '3001', '1970-01-01', '', 0, '', '', '', '30.00', '', '', '', '2019-10-14', '', '', '', '2020-09-14', 1),
(74, 2, '19571', '1', '1', '1', '1. Siddiqur Rahman   2. Abdullah Khan suzon', '1', 'BCI/Munshiganj/MV(PV)/CERT-0000/10/2019', 'DHAKA METRO-GA-00-0000', '1', '', 'MODEL-0000,C,C-0000, SEAT - 00', '1970-01-01', '1970-01-01', '', '3001', '1970-01-01', '', 0, '', '', '', '30.00', '', '', '', '2019-10-14', '1', '1', '', '2020-09-14', 1),
(75, 2, '19570', '', '', '', '', '', 'BCI/Munshiganj/MV(PV)/CERT-0000/10/2019', 'DHAKA METRO-GA-00-0000', '', '', 'MODEL-0000,C,C-0000, SEAT - 00', '2019-10-14', '2020-10-13', '', '3001', '2019-10-14', '', 0, '', '', '', '30.00', '', '', '', '2019-10-14', '', '', '', '2020-09-14', 0),
(76, 2, '19571', 'ddd', 'dd', 'dd', '1. Siddiqur Rahman   2. Abdullah Khan suzon', '', 'BCI/Munshiganj/MV(PV)/CERT-0000/10/2019', 'DHAKA METRO-GA-00-0000', '3354', '', 'MODEL-0000,C,C-0000, SEAT - 00', '1970-01-01', '1970-01-01', '', '3001', '1970-01-01', '', 0, '', '', '', '30.00', '', '', '', '2019-10-14', 'dd', 'dd', '', '2020-09-14', 1),
(77, 2, '19572', 'thirrd number', 'compressin', 'value takaok', '1. Siddiqur Rahman   2. Abdullah Khan suzon', 'Dhaka 1215, mirpu Section 2, 10/12.', 'BCI/Munshiganj/MV(PV)/CERT-0000/10/2019', 'DHAKA METRO-GA-00-0000', '1245', '36573', 'MODEL-0000,C,C-0000, SEAT - 00', '1970-01-01', '1970-01-01', '', '3001', '1970-01-01', '', 0, '', '', '', '30.00', '', '', '', '2019-10-14', '01738305670', 'sumon', '', '2020-09-14', 1),
(78, 2, '19570', '', '', '', '', '', 'BCI/Munshiganj/MV(PV)/CERT-0000/10/2019', 'DHAKA METRO-GA-00-0000', '', '', 'MODEL-0000,C,C-0000, SEAT - 00', '2019-10-14', '2020-10-13', '', '3001', '2019-10-14', '', 0, '', '', '', '30.00', '', '', '', '2019-10-14', '', '', '', '2020-09-14', 0),
(79, 2, '19570', '', '', '', '', '', 'BCI/Munshiganj/MV(PV)/CERT-0000/10/2019', 'DHAKA METRO-GA-00-0000', '', '', 'MODEL-0000,C,C-0000, SEAT - 00', '2019-10-14', '2020-10-13', '', '3001', '2019-10-14', '', 0, '', '', '', '30.00', '', '', '', '2019-10-14', '', '', '', '2020-09-14', 0),
(80, 4, '19570', 'thirparthy ok', '', '', 'Shahinul islam', 'Dhaka 1215, mirpu Section 2, 10/12.', 'BCI/Kishoreganj/MV(PV)/CERT-0000/10/2019', 'DHAKA METRO-GA-00-0000', '46546 suzon', '36573', 'MODEL-0000,C,C-0000, SEAT 05', '2019-10-09', '2020-10-08', '', '3001', '2019-10-09', '500.00', 11, '55.00', '445.00', '180.00', '30.00', '655.00', '98.00', '753.00', '2019-10-25', '01738305670', 'sumon', '', '2020-09-25', 0),
(81, 4, '19570', 'thirparthy ok', '', '', 'Shahinul islam', 'Dhaka 1215, mirpu Section 2, 10/12.', 'BCI/Kishoreganj/MV(PV)/CERT-0000/10/2019', 'DHAKA METRO-GA-00-0000', '46546 suzon', '36573', 'MODEL-0000,C,C-0000, SEAT 05', '2019-09-10', '2020-08-10', '', '3001', '2019-09-10', '500.00', 11, '55.00', '445.00', '180.00', '30.00', '655.00', '98.00', '753.00', '2019-10-25', '01738305670', 'sumon', '', '2020-09-25', 0),
(82, 4, '19570', '', '', '', '', '', 'BCI/Munshiganj/MV(PV)/CERT-0000/10/2019', 'DHAKA METRO-GA-00-0000', '', '', 'MODEL-0000,C,C-0000, SEAT - 00', '1970-01-01', '1970-01-01', '', '3001', '1970-01-01', '', 0, '', '', '', '30.00', '', '', '', '2019-10-25', '', '', '', '2020-09-25', 1),
(83, 4, '19570', 'thirparthy ok', '', '', 'Shahinul islam', 'Dhaka 1215, mirpu Section 2, 10/12.', 'BCI/Kishoreganj/MV(PV)/CERT-0000/10/2019', 'DHAKA METRO-GA-00-0000', '46546 suzon', '36573', 'MODEL-0000,C,C-0000, SEAT 05', '2019-10-09', '2020-10-08', '', '3001', '2019-10-09', '500.00', 11, '55.00', '445.00', '180.00', '30.00', '655.00', '98.00', '753.00', '2019-10-26', '01738305670', 'sumon', '', '2020-09-26', 1);

-- --------------------------------------------------------

--
-- Table structure for table `options`
--

CREATE TABLE `options` (
  `option_id` int(11) NOT NULL,
  `option_name` varchar(255) DEFAULT NULL,
  `option_value` mediumtext CHARACTER SET utf8 DEFAULT NULL
) ENGINE=InnoDB DEFAULT CHARSET=latin1;

--
-- Dumping data for table `options`
--

INSERT INTO `options` (`option_id`, `option_name`, `option_value`) VALUES
(1, 'site_title', 'Ekuseshop'),
(29, 'mr_number', '3001'),
(34, 'bkash_payment', 'bikash payment 300 taka'),
(35, 'home_pomosion_title', 'Black Friday'),
(36, 'home_pomosion_sub_title', '50  % off'),
(37, 'home_pomosion_link', 'http://localhost/phpmyadmin/sql.php?db=ekushe_up_to_date&table=options&pos=0');

-- --------------------------------------------------------

--
-- Table structure for table `users`
--

CREATE TABLE `users` (
  `user_id` int(11) NOT NULL,
  `user_name` varchar(100) CHARACTER SET utf8 DEFAULT NULL,
  `user_phone` varchar(55) CHARACTER SET utf8 DEFAULT NULL,
  `user_email` varchar(155) CHARACTER SET utf8 DEFAULT NULL,
  `user_pass` varchar(64) NOT NULL,
  `district_name` varchar(250) NOT NULL,
  `user_type` varchar(15) CHARACTER SET utf8 DEFAULT NULL,
  `user_status` varchar(9) CHARACTER SET utf8 DEFAULT NULL,
  `registered_date` datetime NOT NULL,
  `updated_date` datetime NOT NULL,
  `user_picture` varchar(255) NOT NULL,
  `no_number` varchar(100) NOT NULL,
  `mr_number` varchar(100) NOT NULL
) ENGINE=InnoDB DEFAULT CHARSET=latin1;

--
-- Dumping data for table `users`
--

INSERT INTO `users` (`user_id`, `user_name`, `user_phone`, `user_email`, `user_pass`, `district_name`, `user_type`, `user_status`, `registered_date`, `updated_date`, `user_picture`, `no_number`, `mr_number`) VALUES
(1, 'sujon', '010738305670', 'suzonice15@gmail.com', '81dc9bdb52d04dc20036dbd8313ed055', 'Kishoreganj', 'admin', 'active', '2019-10-25 00:00:00', '0000-00-00 00:00:00', 'uploads/user/07-09-2019-26167021_389042014841435_3182062281064845159_n.jpg', '11', '11'),
(2, 'isolutions', '0173830567', 'admin@isolutionsbd.com', '7ece99e593ff5dd200e2b9233d9ba654', 'Munshiganj', 'office-staff', 'active', '2019-10-02 00:00:00', '0000-00-00 00:00:00', 'uploads/user/05-09-2019-final card.ai.png', '', ''),
(3, 'sujon', '01738305670', 'suzonice10@gmail.com', 'e10adc3949ba59abbe56e057f20f883e', 'Gazipur', 'office-staff', 'visible', '2019-10-07 00:00:00', '0000-00-00 00:00:00', 'uploads/user/04-10-2019-iuu.png', '', ''),
(4, 'Abdur rohman', '0173800000', 'bcil2011@gmail.com', 'e8bd697a479fa8b81e3f47d43778cb78', 'Dhaka', 'admin', 'active', '2019-10-25 00:00:00', '0000-00-00 00:00:00', 'uploads/user/25-10-2019-s-1.jpg', '11', '13'),
(5, 'abdulllah', '0173255555', 'abdulllah@gmail.com', 'e8893a09d24cec08a2c52a967bc6d47d', 'Narayanganj', 'office-staff', 'active', '2019-10-04 00:00:00', '0000-00-00 00:00:00', '', '', '');

--
-- Indexes for dumped tables
--

--
-- Indexes for table `ci_sessions`
--
ALTER TABLE `ci_sessions`
  ADD KEY `ci_sessions_timestamp` (`timestamp`);

--
-- Indexes for table `districts`
--
ALTER TABLE `districts`
  ADD PRIMARY KEY (`id`),
  ADD KEY `division_id` (`division_id`);

--
-- Indexes for table `divisions`
--
ALTER TABLE `divisions`
  ADD PRIMARY KEY (`id`);

--
-- Indexes for table `insurence_data`
--
ALTER TABLE `insurence_data`
  ADD PRIMARY KEY (`insurence_data_id`);

--
-- Indexes for table `options`
--
ALTER TABLE `options`
  ADD PRIMARY KEY (`option_id`);

--
-- Indexes for table `users`
--
ALTER TABLE `users`
  ADD PRIMARY KEY (`user_id`);

--
-- AUTO_INCREMENT for dumped tables
--

--
-- AUTO_INCREMENT for table `districts`
--
ALTER TABLE `districts`
  MODIFY `id` int(2) UNSIGNED NOT NULL AUTO_INCREMENT, AUTO_INCREMENT=65;

--
-- AUTO_INCREMENT for table `divisions`
--
ALTER TABLE `divisions`
  MODIFY `id` int(2) UNSIGNED NOT NULL AUTO_INCREMENT, AUTO_INCREMENT=9;

--
-- AUTO_INCREMENT for table `insurence_data`
--
ALTER TABLE `insurence_data`
  MODIFY `insurence_data_id` int(11) NOT NULL AUTO_INCREMENT, AUTO_INCREMENT=84;

--
-- AUTO_INCREMENT for table `options`
--
ALTER TABLE `options`
  MODIFY `option_id` int(11) NOT NULL AUTO_INCREMENT, AUTO_INCREMENT=38;

--
-- AUTO_INCREMENT for table `users`
--
ALTER TABLE `users`
  MODIFY `user_id` int(11) NOT NULL AUTO_INCREMENT, AUTO_INCREMENT=6;

--
-- Constraints for dumped tables
--

--
-- Constraints for table `districts`
--
ALTER TABLE `districts`
  ADD CONSTRAINT `districts_ibfk_1` FOREIGN KEY (`division_id`) REFERENCES `divisions` (`id`) ON DELETE CASCADE ON UPDATE CASCADE;
COMMIT;

/*!40101 SET CHARACTER_SET_CLIENT=@OLD_CHARACTER_SET_CLIENT */;
/*!40101 SET CHARACTER_SET_RESULTS=@OLD_CHARACTER_SET_RESULTS */;
/*!40101 SET COLLATION_CONNECTION=@OLD_COLLATION_CONNECTION */;
